country_code,country_name,year,value,indicator_code,indicator_name_cn,category,source,country_cn
ARE,United Arab Emirates,2024,,SP.POP.SCIE.RD.P6,每百万人研究人员数,researchers,World Bank,阿联酋
ARE,United Arab Emirates,2023,,SP.POP.SCIE.RD.P6,每百万人研究人员数,researchers,World Bank,阿联酋
ARE,United Arab Emirates,2022,,SP.POP.SCIE.RD.P6,每百万人研究人员数,researchers,World Bank,阿联酋
ARE,United Arab Emirates,2021,2606.78477,SP.POP.SCIE.RD.P6,每百万人研究人员数,researchers,World Bank,阿联酋
ARE,United Arab Emirates,2020,2581.47405,SP.POP.SCIE.RD.P6,每百万人研究人员数,researchers,World Bank,阿联酋
ARE,United Arab Emirates,2019,2476.63113,SP.POP.SCIE.RD.P6,每百万人研究人员数,researchers,World Bank,阿联酋
ARE,United Arab Emirates,2018,2464.56964,SP.POP.SCIE.RD.P6,每百万人研究人员数,researchers,World Bank,阿联酋
ARE,United Arab Emirates,2017,,SP.POP.SCIE.RD.P6,每百万人研究人员数,researchers,World Bank,阿联酋
ARE,United Arab Emirates,2016,2509.55341,SP.POP.SCIE.RD.P6,每百万人研究人员数,researchers,World Bank,阿联酋
ARE,United Arab Emirates,2015,2168.42732,SP.POP.SCIE.RD.P6,每百万人研究人员数,researchers,World Bank,阿联酋
CAN,Canada,2024,,SP.POP.SCIE.RD.P6,每百万人研究人员数,researchers,World Bank,加拿大
CAN,Canada,2023,,SP.POP.SCIE.RD.P6,每百万人研究人员数,researchers,World Bank,加拿大
CAN,Canada,2022,,SP.POP.SCIE.RD.P6,每百万人研究人员数,researchers,World Bank,加拿大
CAN,Canada,2021,5411.82682,SP.POP.SCIE.RD.P6,每百万人研究人员数,researchers,World Bank,加拿大
CAN,Canada,2020,5155.65021,SP.POP.SCIE.RD.P6,每百万人研究人员数,researchers,World Bank,加拿大
CAN,Canada,2019,4850.93689,SP.POP.SCIE.RD.P6,每百万人研究人员数,researchers,World Bank,加拿大
CAN,Canada,2018,4715.91861,SP.POP.SCIE.RD.P6,每百万人研究人员数,researchers,World Bank,加拿大
CAN,Canada,2017,4429.05796,SP.POP.SCIE.RD.P6,每百万人研究人员数,researchers,World Bank,加拿大
CAN,Canada,2016,4400.49278,SP.POP.SCIE.RD.P6,每百万人研究人员数,researchers,World Bank,加拿大
CAN,Canada,2015,4545.96875,SP.POP.SCIE.RD.P6,每百万人研究人员数,researchers,World Bank,加拿大
CHN,China,2024,,SP.POP.SCIE.RD.P6,每百万人研究人员数,researchers,World Bank,中国
CHN,China,2023,,SP.POP.SCIE.RD.P6,每百万人研究人员数,researchers,World Bank,中国
CHN,China,2022,1849.23669,SP.POP.SCIE.RD.P6,每百万人研究人员数,researchers,World Bank,中国
CHN,China,2021,1685.97511,SP.POP.SCIE.RD.P6,每百万人研究人员数,researchers,World Bank,中国
CHN,China,2020,1600.30633,SP.POP.SCIE.RD.P6,每百万人研究人员数,researchers,World Bank,中国
CHN,China,2019,1483.85803,SP.POP.SCIE.RD.P6,每百万人研究人员数,researchers,World Bank,中国
CHN,China,2018,1317.48914,SP.POP.SCIE.RD.P6,每百万人研究人员数,researchers,World Bank,中国
CHN,China,2017,1235.84935,SP.POP.SCIE.RD.P6,每百万人研究人员数,researchers,World Bank,中国
CHN,China,2016,1208.86205,SP.POP.SCIE.RD.P6,每百万人研究人员数,researchers,World Bank,中国
CHN,China,2015,1162.7108,SP.POP.SCIE.RD.P6,每百万人研究人员数,researchers,World Bank,中国
DEU,Germany,2024,,SP.POP.SCIE.RD.P6,每百万人研究人员数,researchers,World Bank,德国
DEU,Germany,2023,,SP.POP.SCIE.RD.P6,每百万人研究人员数,researchers,World Bank,德国
DEU,Germany,2022,5787.44181,SP.POP.SCIE.RD.P6,每百万人研究人员数,researchers,World Bank,德国
DEU,Germany,2021,5520.57631,SP.POP.SCIE.RD.P6,每百万人研究人员数,researchers,World Bank,德国
DEU,Germany,2020,5390.05249,SP.POP.SCIE.RD.P6,每百万人研究人员数,researchers,World Bank,德国
DEU,Germany,2019,5398.63462,SP.POP.SCIE.RD.P6,每百万人研究人员数,researchers,World Bank,德国
DEU,Germany,2018,5209.2143,SP.POP.SCIE.RD.P6,每百万人研究人员数,researchers,World Bank,德国
DEU,Germany,2017,5058.39528,SP.POP.SCIE.RD.P6,每百万人研究人员数,researchers,World Bank,德国
DEU,Germany,2016,4839.84645,SP.POP.SCIE.RD.P6,每百万人研究人员数,researchers,World Bank,德国
DEU,Germany,2015,4755.29531,SP.POP.SCIE.RD.P6,每百万人研究人员数,researchers,World Bank,德国
FRA,France,2024,,SP.POP.SCIE.RD.P6,每百万人研究人员数,researchers,World Bank,法国
FRA,France,2023,,SP.POP.SCIE.RD.P6,每百万人研究人员数,researchers,World Bank,法国
FRA,France,2022,5181.84576,SP.POP.SCIE.RD.P6,每百万人研究人员数,researchers,World Bank,法国
FRA,France,2021,5058.05374,SP.POP.SCIE.RD.P6,每百万人研究人员数,researchers,World Bank,法国
FRA,France,2020,4883.2219,SP.POP.SCIE.RD.P6,每百万人研究人员数,researchers,World Bank,法国
FRA,France,2019,4773.97249,SP.POP.SCIE.RD.P6,每百万人研究人员数,researchers,World Bank,法国
FRA,France,2018,4670.53241,SP.POP.SCIE.RD.P6,每百万人研究人员数,researchers,World Bank,法国
FRA,France,2017,4546.76212,SP.POP.SCIE.RD.P6,每百万人研究人员数,researchers,World Bank,法国
FRA,France,2016,4392.04699,SP.POP.SCIE.RD.P6,每百万人研究人员数,researchers,World Bank,法国
FRA,France,2015,4310.70957,SP.POP.SCIE.RD.P6,每百万人研究人员数,researchers,World Bank,法国
GBR,United Kingdom,2024,,SP.POP.SCIE.RD.P6,每百万人研究人员数,researchers,World Bank,英国
GBR,United Kingdom,2023,,SP.POP.SCIE.RD.P6,每百万人研究人员数,researchers,World Bank,英国
GBR,United Kingdom,2022,,SP.POP.SCIE.RD.P6,每百万人研究人员数,researchers,World Bank,英国
GBR,United Kingdom,2021,,SP.POP.SCIE.RD.P6,每百万人研究人员数,researchers,World Bank,英国
GBR,United Kingdom,2020,,SP.POP.SCIE.RD.P6,每百万人研究人员数,researchers,World Bank,英国
GBR,United Kingdom,2019,,SP.POP.SCIE.RD.P6,每百万人研究人员数,researchers,World Bank,英国
GBR,United Kingdom,2018,,SP.POP.SCIE.RD.P6,每百万人研究人员数,researchers,World Bank,英国
GBR,United Kingdom,2017,4472.69458,SP.POP.SCIE.RD.P6,每百万人研究人员数,researchers,World Bank,英国
GBR,United Kingdom,2016,4434.65942,SP.POP.SCIE.RD.P6,每百万人研究人员数,researchers,World Bank,英国
GBR,United Kingdom,2015,4389.5625,SP.POP.SCIE.RD.P6,每百万人研究人员数,researchers,World Bank,英国
IND,India,2024,,SP.POP.SCIE.RD.P6,每百万人研究人员数,researchers,World Bank,印度
IND,India,2023,,SP.POP.SCIE.RD.P6,每百万人研究人员数,researchers,World Bank,印度
IND,India,2022,,SP.POP.SCIE.RD.P6,每百万人研究人员数,researchers,World Bank,印度
IND,India,2021,,SP.POP.SCIE.RD.P6,每百万人研究人员数,researchers,World Bank,印度
IND,India,2020,259.26325,SP.POP.SCIE.RD.P6,每百万人研究人员数,researchers,World Bank,印度
IND,India,2019,,SP.POP.SCIE.RD.P6,每百万人研究人员数,researchers,World Bank,印度
IND,India,2018,250.00794,SP.POP.SCIE.RD.P6,每百万人研究人员数,researchers,World Bank,印度
IND,India,2017,,SP.POP.SCIE.RD.P6,每百万人研究人员数,researchers,World Bank,印度
IND,India,2016,,SP.POP.SCIE.RD.P6,每百万人研究人员数,researchers,World Bank,印度
IND,India,2015,214.34935,SP.POP.SCIE.RD.P6,每百万人研究人员数,researchers,World Bank,印度
JPN,Japan,2024,,SP.POP.SCIE.RD.P6,每百万人研究人员数,researchers,World Bank,日本
JPN,Japan,2023,,SP.POP.SCIE.RD.P6,每百万人研究人员数,researchers,World Bank,日本
JPN,Japan,2022,5629.79566,SP.POP.SCIE.RD.P6,每百万人研究人员数,researchers,World Bank,日本
JPN,Japan,2021,5589.76698,SP.POP.SCIE.RD.P6,每百万人研究人员数,researchers,World Bank,日本
JPN,Japan,2020,5450.44287,SP.POP.SCIE.RD.P6,每百万人研究人员数,researchers,World Bank,日本
JPN,Japan,2019,5376.11987,SP.POP.SCIE.RD.P6,每百万人研究人员数,researchers,World Bank,日本
JPN,Japan,2018,5339.51713,SP.POP.SCIE.RD.P6,每百万人研究人员数,researchers,World Bank,日本
JPN,Japan,2017,5319.83455,SP.POP.SCIE.RD.P6,每百万人研究人员数,researchers,World Bank,日本
JPN,Japan,2016,5232.70894,SP.POP.SCIE.RD.P6,每百万人研究人员数,researchers,World Bank,日本
JPN,Japan,2015,5198.48902,SP.POP.SCIE.RD.P6,每百万人研究人员数,researchers,World Bank,日本
KOR,"Korea, Rep.",2024,,SP.POP.SCIE.RD.P6,每百万人研究人员数,researchers,World Bank,韩国
KOR,"Korea, Rep.",2023,,SP.POP.SCIE.RD.P6,每百万人研究人员数,researchers,World Bank,韩国
KOR,"Korea, Rep.",2022,9434.7613,SP.POP.SCIE.RD.P6,每百万人研究人员数,researchers,World Bank,韩国
KOR,"Korea, Rep.",2021,9071.4503,SP.POP.SCIE.RD.P6,每百万人研究人员数,researchers,World Bank,韩国
KOR,"Korea, Rep.",2020,8620.009,SP.POP.SCIE.RD.P6,每百万人研究人员数,researchers,World Bank,韩国
KOR,"Korea, Rep.",2019,8328.96727,SP.POP.SCIE.RD.P6,每百万人研究人员数,researchers,World Bank,韩国
KOR,"Korea, Rep.",2018,7918.46916,SP.POP.SCIE.RD.P6,每百万人研究人员数,researchers,World Bank,韩国
KOR,"Korea, Rep.",2017,7453.21918,SP.POP.SCIE.RD.P6,每百万人研究人员数,researchers,World Bank,韩国
KOR,"Korea, Rep.",2016,7057.16003,SP.POP.SCIE.RD.P6,每百万人研究人员数,researchers,World Bank,韩国
KOR,"Korea, Rep.",2015,7020.43916,SP.POP.SCIE.RD.P6,每百万人研究人员数,researchers,World Bank,韩国
USA,United States,2024,,SP.POP.SCIE.RD.P6,每百万人研究人员数,researchers,World Bank,美国
USA,United States,2023,,SP.POP.SCIE.RD.P6,每百万人研究人员数,researchers,World Bank,美国
USA,United States,2022,,SP.POP.SCIE.RD.P6,每百万人研究人员数,researchers,World Bank,美国
USA,United States,2021,4825.1804,SP.POP.SCIE.RD.P6,每百万人研究人员数,researchers,World Bank,美国
USA,United States,2020,4464.09495,SP.POP.SCIE.RD.P6,每百万人研究人员数,researchers,World Bank,美国
USA,United States,2019,4265.92083,SP.POP.SCIE.RD.P6,每百万人研究人员数,researchers,World Bank,美国
USA,United States,2018,4226.79136,SP.POP.SCIE.RD.P6,每百万人研究人员数,researchers,World Bank,美国
USA,United States,2017,3931.60035,SP.POP.SCIE.RD.P6,每百万人研究人员数,researchers,World Bank,美国
USA,United States,2016,3809.11997,SP.POP.SCIE.RD.P6,每百万人研究人员数,researchers,World Bank,美国
USA,United States,2015,3858.04036,SP.POP.SCIE.RD.P6,每百万人研究人员数,researchers,World Bank,美国
ARE,United Arab Emirates,2024,,SP.POP.TECH.RD.P6,每百万人研发技术人员数,researchers,World Bank,阿联酋
ARE,United Arab Emirates,2023,,SP.POP.TECH.RD.P6,每百万人研发技术人员数,researchers,World Bank,阿联酋
ARE,United Arab Emirates,2022,,SP.POP.TECH.RD.P6,每百万人研发技术人员数,researchers,World Bank,阿联酋
ARE,United Arab Emirates,2021,,SP.POP.TECH.RD.P6,每百万人研发技术人员数,researchers,World Bank,阿联酋
ARE,United Arab Emirates,2020,,SP.POP.TECH.RD.P6,每百万人研发技术人员数,researchers,World Bank,阿联酋
ARE,United Arab Emirates,2019,,SP.POP.TECH.RD.P6,每百万人研发技术人员数,researchers,World Bank,阿联酋
ARE,United Arab Emirates,2018,889.5377,SP.POP.TECH.RD.P6,每百万人研发技术人员数,researchers,World Bank,阿联酋
ARE,United Arab Emirates,2017,,SP.POP.TECH.RD.P6,每百万人研发技术人员数,researchers,World Bank,阿联酋
ARE,United Arab Emirates,2016,,SP.POP.TECH.RD.P6,每百万人研发技术人员数,researchers,World Bank,阿联酋
ARE,United Arab Emirates,2015,,SP.POP.TECH.RD.P6,每百万人研发技术人员数,researchers,World Bank,阿联酋
CAN,Canada,2024,,SP.POP.TECH.RD.P6,每百万人研发技术人员数,researchers,World Bank,加拿大
CAN,Canada,2023,,SP.POP.TECH.RD.P6,每百万人研发技术人员数,researchers,World Bank,加拿大
CAN,Canada,2022,,SP.POP.TECH.RD.P6,每百万人研发技术人员数,researchers,World Bank,加拿大
CAN,Canada,2021,,SP.POP.TECH.RD.P6,每百万人研发技术人员数,researchers,World Bank,加拿大
CAN,Canada,2020,,SP.POP.TECH.RD.P6,每百万人研发技术人员数,researchers,World Bank,加拿大
CAN,Canada,2019,,SP.POP.TECH.RD.P6,每百万人研发技术人员数,researchers,World Bank,加拿大
CAN,Canada,2018,,SP.POP.TECH.RD.P6,每百万人研发技术人员数,researchers,World Bank,加拿大
CAN,Canada,2017,1268.37307,SP.POP.TECH.RD.P6,每百万人研发技术人员数,researchers,World Bank,加拿大
CAN,Canada,2016,1247.83745,SP.POP.TECH.RD.P6,每百万人研发技术人员数,researchers,World Bank,加拿大
CAN,Canada,2015,1455.58808,SP.POP.TECH.RD.P6,每百万人研发技术人员数,researchers,World Bank,加拿大
CHN,China,2024,,SP.POP.TECH.RD.P6,每百万人研发技术人员数,researchers,World Bank,中国
CHN,China,2023,,SP.POP.TECH.RD.P6,每百万人研发技术人员数,researchers,World Bank,中国
CHN,China,2022,,SP.POP.TECH.RD.P6,每百万人研发技术人员数,researchers,World Bank,中国
CHN,China,2021,,SP.POP.TECH.RD.P6,每百万人研发技术人员数,researchers,World Bank,中国
CHN,China,2020,,SP.POP.TECH.RD.P6,每百万人研发技术人员数,researchers,World Bank,中国
CHN,China,2019,,SP.POP.TECH.RD.P6,每百万人研发技术人员数,researchers,World Bank,中国
CHN,China,2018,,SP.POP.TECH.RD.P6,每百万人研发技术人员数,researchers,World Bank,中国
CHN,China,2017,,SP.POP.TECH.RD.P6,每百万人研发技术人员数,researchers,World Bank,中国
CHN,China,2016,,SP.POP.TECH.RD.P6,每百万人研发技术人员数,researchers,World Bank,中国
CHN,China,2015,,SP.POP.TECH.RD.P6,每百万人研发技术人员数,researchers,World Bank,中国
DEU,Germany,2024,,SP.POP.TECH.RD.P6,每百万人研发技术人员数,researchers,World Bank,德国
DEU,Germany,2023,,SP.POP.TECH.RD.P6,每百万人研发技术人员数,researchers,World Bank,德国
DEU,Germany,2022,,SP.POP.TECH.RD.P6,每百万人研发技术人员数,researchers,World Bank,德国
DEU,Germany,2021,,SP.POP.TECH.RD.P6,每百万人研发技术人员数,researchers,World Bank,德国
DEU,Germany,2020,,SP.POP.TECH.RD.P6,每百万人研发技术人员数,researchers,World Bank,德国
DEU,Germany,2019,,SP.POP.TECH.RD.P6,每百万人研发技术人员数,researchers,World Bank,德国
DEU,Germany,2018,,SP.POP.TECH.RD.P6,每百万人研发技术人员数,researchers,World Bank,德国
DEU,Germany,2017,2006.65327,SP.POP.TECH.RD.P6,每百万人研发技术人员数,researchers,World Bank,德国
DEU,Germany,2016,1945.70514,SP.POP.TECH.RD.P6,每百万人研发技术人员数,researchers,World Bank,德国
DEU,Germany,2015,1909.85383,SP.POP.TECH.RD.P6,每百万人研发技术人员数,researchers,World Bank,德国
FRA,France,2024,,SP.POP.TECH.RD.P6,每百万人研发技术人员数,researchers,World Bank,法国
FRA,France,2023,,SP.POP.TECH.RD.P6,每百万人研发技术人员数,researchers,World Bank,法国
FRA,France,2022,,SP.POP.TECH.RD.P6,每百万人研发技术人员数,researchers,World Bank,法国
FRA,France,2021,,SP.POP.TECH.RD.P6,每百万人研发技术人员数,researchers,World Bank,法国
FRA,France,2020,,SP.POP.TECH.RD.P6,每百万人研发技术人员数,researchers,World Bank,法国
FRA,France,2019,,SP.POP.TECH.RD.P6,每百万人研发技术人员数,researchers,World Bank,法国
FRA,France,2018,,SP.POP.TECH.RD.P6,每百万人研发技术人员数,researchers,World Bank,法国
FRA,France,2017,1805.54395,SP.POP.TECH.RD.P6,每百万人研发技术人员数,researchers,World Bank,法国
FRA,France,2016,1804.90705,SP.POP.TECH.RD.P6,每百万人研发技术人员数,researchers,World Bank,法国
FRA,France,2015,1798.3546,SP.POP.TECH.RD.P6,每百万人研发技术人员数,researchers,World Bank,法国
GBR,United Kingdom,2024,,SP.POP.TECH.RD.P6,每百万人研发技术人员数,researchers,World Bank,英国
GBR,United Kingdom,2023,,SP.POP.TECH.RD.P6,每百万人研发技术人员数,researchers,World Bank,英国
GBR,United Kingdom,2022,,SP.POP.TECH.RD.P6,每百万人研发技术人员数,researchers,World Bank,英国
GBR,United Kingdom,2021,,SP.POP.TECH.RD.P6,每百万人研发技术人员数,researchers,World Bank,英国
GBR,United Kingdom,2020,,SP.POP.TECH.RD.P6,每百万人研发技术人员数,researchers,World Bank,英国
GBR,United Kingdom,2019,,SP.POP.TECH.RD.P6,每百万人研发技术人员数,researchers,World Bank,英国
GBR,United Kingdom,2018,,SP.POP.TECH.RD.P6,每百万人研发技术人员数,researchers,World Bank,英国
GBR,United Kingdom,2017,,SP.POP.TECH.RD.P6,每百万人研发技术人员数,researchers,World Bank,英国
GBR,United Kingdom,2016,1305.4251,SP.POP.TECH.RD.P6,每百万人研发技术人员数,researchers,World Bank,英国
GBR,United Kingdom,2015,1349.98182,SP.POP.TECH.RD.P6,每百万人研发技术人员数,researchers,World Bank,英国
IND,India,2024,,SP.POP.TECH.RD.P6,每百万人研发技术人员数,researchers,World Bank,印度
IND,India,2023,,SP.POP.TECH.RD.P6,每百万人研发技术人员数,researchers,World Bank,印度
IND,India,2022,,SP.POP.TECH.RD.P6,每百万人研发技术人员数,researchers,World Bank,印度
IND,India,2021,,SP.POP.TECH.RD.P6,每百万人研发技术人员数,researchers,World Bank,印度
IND,India,2020,,SP.POP.TECH.RD.P6,每百万人研发技术人员数,researchers,World Bank,印度
IND,India,2019,,SP.POP.TECH.RD.P6,每百万人研发技术人员数,researchers,World Bank,印度
IND,India,2018,73.05997,SP.POP.TECH.RD.P6,每百万人研发技术人员数,researchers,World Bank,印度
IND,India,2017,,SP.POP.TECH.RD.P6,每百万人研发技术人员数,researchers,World Bank,印度
IND,India,2016,,SP.POP.TECH.RD.P6,每百万人研发技术人员数,researchers,World Bank,印度
IND,India,2015,95.54919,SP.POP.TECH.RD.P6,每百万人研发技术人员数,researchers,World Bank,印度
JPN,Japan,2024,,SP.POP.TECH.RD.P6,每百万人研发技术人员数,researchers,World Bank,日本
JPN,Japan,2023,,SP.POP.TECH.RD.P6,每百万人研发技术人员数,researchers,World Bank,日本
JPN,Japan,2022,,SP.POP.TECH.RD.P6,每百万人研发技术人员数,researchers,World Bank,日本
JPN,Japan,2021,,SP.POP.TECH.RD.P6,每百万人研发技术人员数,researchers,World Bank,日本
JPN,Japan,2020,,SP.POP.TECH.RD.P6,每百万人研发技术人员数,researchers,World Bank,日本
JPN,Japan,2019,,SP.POP.TECH.RD.P6,每百万人研发技术人员数,researchers,World Bank,日本
JPN,Japan,2018,524.29128,SP.POP.TECH.RD.P6,每百万人研发技术人员数,researchers,World Bank,日本
JPN,Japan,2017,520.66338,SP.POP.TECH.RD.P6,每百万人研发技术人员数,researchers,World Bank,日本
JPN,Japan,2016,502.55447,SP.POP.TECH.RD.P6,每百万人研发技术人员数,researchers,World Bank,日本
JPN,Japan,2015,521.95125,SP.POP.TECH.RD.P6,每百万人研发技术人员数,researchers,World Bank,日本
KOR,"Korea, Rep.",2024,,SP.POP.TECH.RD.P6,每百万人研发技术人员数,researchers,World Bank,韩国
KOR,"Korea, Rep.",2023,,SP.POP.TECH.RD.P6,每百万人研发技术人员数,researchers,World Bank,韩国
KOR,"Korea, Rep.",2022,,SP.POP.TECH.RD.P6,每百万人研发技术人员数,researchers,World Bank,韩国
KOR,"Korea, Rep.",2021,,SP.POP.TECH.RD.P6,每百万人研发技术人员数,researchers,World Bank,韩国
KOR,"Korea, Rep.",2020,,SP.POP.TECH.RD.P6,每百万人研发技术人员数,researchers,World Bank,韩国
KOR,"Korea, Rep.",2019,,SP.POP.TECH.RD.P6,每百万人研发技术人员数,researchers,World Bank,韩国
KOR,"Korea, Rep.",2018,1311.43521,SP.POP.TECH.RD.P6,每百万人研发技术人员数,researchers,World Bank,韩国
KOR,"Korea, Rep.",2017,1251.10685,SP.POP.TECH.RD.P6,每百万人研发技术人员数,researchers,World Bank,韩国
KOR,"Korea, Rep.",2016,1227.80109,SP.POP.TECH.RD.P6,每百万人研发技术人员数,researchers,World Bank,韩国
KOR,"Korea, Rep.",2015,1212.13441,SP.POP.TECH.RD.P6,每百万人研发技术人员数,researchers,World Bank,韩国
USA,United States,2024,,SP.POP.TECH.RD.P6,每百万人研发技术人员数,researchers,World Bank,美国
USA,United States,2023,,SP.POP.TECH.RD.P6,每百万人研发技术人员数,researchers,World Bank,美国
USA,United States,2022,,SP.POP.TECH.RD.P6,每百万人研发技术人员数,researchers,World Bank,美国
USA,United States,2021,,SP.POP.TECH.RD.P6,每百万人研发技术人员数,researchers,World Bank,美国
USA,United States,2020,,SP.POP.TECH.RD.P6,每百万人研发技术人员数,researchers,World Bank,美国
USA,United States,2019,,SP.POP.TECH.RD.P6,每百万人研发技术人员数,researchers,World Bank,美国
USA,United States,2018,,SP.POP.TECH.RD.P6,每百万人研发技术人员数,researchers,World Bank,美国
USA,United States,2017,,SP.POP.TECH.RD.P6,每百万人研发技术人员数,researchers,World Bank,美国
USA,United States,2016,,SP.POP.TECH.RD.P6,每百万人研发技术人员数,researchers,World Bank,美国
USA,United States,2015,,SP.POP.TECH.RD.P6,每百万人研发技术人员数,researchers,World Bank,美国
ARE,United Arab Emirates,2024,63.7384451086316,SE.TER.ENRR,高等教育毛入学率(%),education,World Bank,阿联酋
ARE,United Arab Emirates,2023,61.3456114422447,SE.TER.ENRR,高等教育毛入学率(%),education,World Bank,阿联酋
ARE,United Arab Emirates,2022,60.4188226013954,SE.TER.ENRR,高等教育毛入学率(%),education,World Bank,阿联酋
ARE,United Arab Emirates,2021,56.4520334436146,SE.TER.ENRR,高等教育毛入学率(%),education,World Bank,阿联酋
ARE,United Arab Emirates,2020,54.9746998074699,SE.TER.ENRR,高等教育毛入学率(%),education,World Bank,阿联酋
ARE,United Arab Emirates,2019,53.8814655213653,SE.TER.ENRR,高等教育毛入学率(%),education,World Bank,阿联酋
ARE,United Arab Emirates,2018,53.2113281680102,SE.TER.ENRR,高等教育毛入学率(%),education,World Bank,阿联酋
ARE,United Arab Emirates,2017,,SE.TER.ENRR,高等教育毛入学率(%),education,World Bank,阿联酋
ARE,United Arab Emirates,2016,,SE.TER.ENRR,高等教育毛入学率(%),education,World Bank,阿联酋
ARE,United Arab Emirates,2015,,SE.TER.ENRR,高等教育毛入学率(%),education,World Bank,阿联酋
CAN,Canada,2024,,SE.TER.ENRR,高等教育毛入学率(%),education,World Bank,加拿大
CAN,Canada,2023,76.2586212158203,SE.TER.ENRR,高等教育毛入学率(%),education,World Bank,加拿大
CAN,Canada,2022,78.8984985351562,SE.TER.ENRR,高等教育毛入学率(%),education,World Bank,加拿大
CAN,Canada,2021,79.7657318115234,SE.TER.ENRR,高等教育毛入学率(%),education,World Bank,加拿大
CAN,Canada,2020,75.2389068603516,SE.TER.ENRR,高等教育毛入学率(%),education,World Bank,加拿大
CAN,Canada,2019,73.1128768920898,SE.TER.ENRR,高等教育毛入学率(%),education,World Bank,加拿大
CAN,Canada,2018,69.3507232666016,SE.TER.ENRR,高等教育毛入学率(%),education,World Bank,加拿大
CAN,Canada,2017,70.2687072753906,SE.TER.ENRR,高等教育毛入学率(%),education,World Bank,加拿大
CAN,Canada,2016,69.2459411621094,SE.TER.ENRR,高等教育毛入学率(%),education,World Bank,加拿大
CAN,Canada,2015,67.2690963745117,SE.TER.ENRR,高等教育毛入学率(%),education,World Bank,加拿大
CHN,China,2024,76.8757843123403,SE.TER.ENRR,高等教育毛入学率(%),education,World Bank,中国
CHN,China,2023,74.5933014618366,SE.TER.ENRR,高等教育毛入学率(%),education,World Bank,中国
CHN,China,2022,71.5799465086024,SE.TER.ENRR,高等教育毛入学率(%),education,World Bank,中国
CHN,China,2021,66.8186077597542,SE.TER.ENRR,高等教育毛入学率(%),education,World Bank,中国
CHN,China,2020,61.6124675996947,SE.TER.ENRR,高等教育毛入学率(%),education,World Bank,中国
CHN,China,2019,56.6050917923292,SE.TER.ENRR,高等教育毛入学率(%),education,World Bank,中国
CHN,China,2018,53.3987984572814,SE.TER.ENRR,高等教育毛入学率(%),education,World Bank,中国
CHN,China,2017,51.0678812273407,SE.TER.ENRR,高等教育毛入学率(%),education,World Bank,中国
CHN,China,2016,49.309077375597,SE.TER.ENRR,高等教育毛入学率(%),education,World Bank,中国
CHN,China,2015,47.1192619330726,SE.TER.ENRR,高等教育毛入学率(%),education,World Bank,中国
DEU,Germany,2024,,SE.TER.ENRR,高等教育毛入学率(%),education,World Bank,德国
DEU,Germany,2023,78.5947494506836,SE.TER.ENRR,高等教育毛入学率(%),education,World Bank,德国
DEU,Germany,2022,77.3656997680664,SE.TER.ENRR,高等教育毛入学率(%),education,World Bank,德国
DEU,Germany,2021,75.6655426025391,SE.TER.ENRR,高等教育毛入学率(%),education,World Bank,德国
DEU,Germany,2020,72.3894195556641,SE.TER.ENRR,高等教育毛入学率(%),education,World Bank,德国
DEU,Germany,2019,72.705078125,SE.TER.ENRR,高等教育毛入学率(%),education,World Bank,德国
DEU,Germany,2018,69.1634292602539,SE.TER.ENRR,高等教育毛入学率(%),education,World Bank,德国
DEU,Germany,2017,68.4692306518555,SE.TER.ENRR,高等教育毛入学率(%),education,World Bank,德国
DEU,Germany,2016,67.9464111328125,SE.TER.ENRR,高等教育毛入学率(%),education,World Bank,德国
DEU,Germany,2015,68.23291015625,SE.TER.ENRR,高等教育毛入学率(%),education,World Bank,德国
FRA,France,2024,,SE.TER.ENRR,高等教育毛入学率(%),education,World Bank,法国
FRA,France,2023,70.4536437988281,SE.TER.ENRR,高等教育毛入学率(%),education,World Bank,法国
FRA,France,2022,71.5107269287109,SE.TER.ENRR,高等教育毛入学率(%),education,World Bank,法国
FRA,France,2021,69.9397888183594,SE.TER.ENRR,高等教育毛入学率(%),education,World Bank,法国
FRA,France,2020,68.8709411621094,SE.TER.ENRR,高等教育毛入学率(%),education,World Bank,法国
FRA,France,2019,67.7331314086914,SE.TER.ENRR,高等教育毛入学率(%),education,World Bank,法国
FRA,France,2018,67.5435180664062,SE.TER.ENRR,高等教育毛入学率(%),education,World Bank,法国
FRA,France,2017,65.8022308349609,SE.TER.ENRR,高等教育毛入学率(%),education,World Bank,法国
FRA,France,2016,64.7276763916016,SE.TER.ENRR,高等教育毛入学率(%),education,World Bank,法国
FRA,France,2015,62.7859306335449,SE.TER.ENRR,高等教育毛入学率(%),education,World Bank,法国
GBR,United Kingdom,2024,,SE.TER.ENRR,高等教育毛入学率(%),education,World Bank,英国
GBR,United Kingdom,2023,80.4987716674805,SE.TER.ENRR,高等教育毛入学率(%),education,World Bank,英国
GBR,United Kingdom,2022,79.7250823974609,SE.TER.ENRR,高等教育毛入学率(%),education,World Bank,英国
GBR,United Kingdom,2021,76.7174911499023,SE.TER.ENRR,高等教育毛入学率(%),education,World Bank,英国
GBR,United Kingdom,2020,69.3701629638672,SE.TER.ENRR,高等教育毛入学率(%),education,World Bank,英国
GBR,United Kingdom,2019,65.4840774536133,SE.TER.ENRR,高等教育毛入学率(%),education,World Bank,英国
GBR,United Kingdom,2018,61.1251182556152,SE.TER.ENRR,高等教育毛入学率(%),education,World Bank,英国
GBR,United Kingdom,2017,59.6335182189941,SE.TER.ENRR,高等教育毛入学率(%),education,World Bank,英国
GBR,United Kingdom,2016,58.110481262207,SE.TER.ENRR,高等教育毛入学率(%),education,World Bank,英国
GBR,United Kingdom,2015,56.4859008789062,SE.TER.ENRR,高等教育毛入学率(%),education,World Bank,英国
IND,India,2024,34.4184659748952,SE.TER.ENRR,高等教育毛入学率(%),education,World Bank,印度
IND,India,2023,34.0091701770575,SE.TER.ENRR,高等教育毛入学率(%),education,World Bank,印度
IND,India,2022,32.4539938196142,SE.TER.ENRR,高等教育毛入学率(%),education,World Bank,印度
IND,India,2021,31.3171017843903,SE.TER.ENRR,高等教育毛入学率(%),education,World Bank,印度
IND,India,2020,29.5619706114824,SE.TER.ENRR,高等教育毛入学率(%),education,World Bank,印度
IND,India,2019,28.7996949674505,SE.TER.ENRR,高等教育毛入学率(%),education,World Bank,印度
IND,India,2018,28.3540737878038,SE.TER.ENRR,高等教育毛入学率(%),education,World Bank,印度
IND,India,2017,27.7311089156625,SE.TER.ENRR,高等教育毛入学率(%),education,World Bank,印度
IND,India,2016,27.0875990028504,SE.TER.ENRR,高等教育毛入学率(%),education,World Bank,印度
IND,India,2015,27.0646411471569,SE.TER.ENRR,高等教育毛入学率(%),education,World Bank,印度
JPN,Japan,2024,,SE.TER.ENRR,高等教育毛入学率(%),education,World Bank,日本
JPN,Japan,2023,64.8912200927734,SE.TER.ENRR,高等教育毛入学率(%),education,World Bank,日本
JPN,Japan,2022,64.6288299560547,SE.TER.ENRR,高等教育毛入学率(%),education,World Bank,日本
JPN,Japan,2021,63.1702690124512,SE.TER.ENRR,高等教育毛入学率(%),education,World Bank,日本
JPN,Japan,2020,62.1358413696289,SE.TER.ENRR,高等教育毛入学率(%),education,World Bank,日本
JPN,Japan,2019,62.1184997558594,SE.TER.ENRR,高等教育毛入学率(%),education,World Bank,日本
JPN,Japan,2018,62.2089385986328,SE.TER.ENRR,高等教育毛入学率(%),education,World Bank,日本
JPN,Japan,2017,62.4629783630371,SE.TER.ENRR,高等教育毛入学率(%),education,World Bank,日本
JPN,Japan,2016,63.1872291564941,SE.TER.ENRR,高等教育毛入学率(%),education,World Bank,日本
JPN,Japan,2015,62.4726600646973,SE.TER.ENRR,高等教育毛入学率(%),education,World Bank,日本
KOR,"Korea, Rep.",2024,,SE.TER.ENRR,高等教育毛入学率(%),education,World Bank,韩国
KOR,"Korea, Rep.",2023,106.709167480469,SE.TER.ENRR,高等教育毛入学率(%),education,World Bank,韩国
KOR,"Korea, Rep.",2022,102.813056945801,SE.TER.ENRR,高等教育毛入学率(%),education,World Bank,韩国
KOR,"Korea, Rep.",2021,100.359878540039,SE.TER.ENRR,高等教育毛入学率(%),education,World Bank,韩国
KOR,"Korea, Rep.",2020,96.8767700195312,SE.TER.ENRR,高等教育毛入学率(%),education,World Bank,韩国
KOR,"Korea, Rep.",2019,93.9989166259766,SE.TER.ENRR,高等教育毛入学率(%),education,World Bank,韩国
KOR,"Korea, Rep.",2018,93.3281784057617,SE.TER.ENRR,高等教育毛入学率(%),education,World Bank,韩国
KOR,"Korea, Rep.",2017,93.7230224609375,SE.TER.ENRR,高等教育毛入学率(%),education,World Bank,韩国
KOR,"Korea, Rep.",2016,93.6577224731445,SE.TER.ENRR,高等教育毛入学率(%),education,World Bank,韩国
KOR,"Korea, Rep.",2015,93.9676513671875,SE.TER.ENRR,高等教育毛入学率(%),education,World Bank,韩国
USA,United States,2024,,SE.TER.ENRR,高等教育毛入学率(%),education,World Bank,美国
USA,United States,2023,,SE.TER.ENRR,高等教育毛入学率(%),education,World Bank,美国
USA,United States,2022,79.361930847168,SE.TER.ENRR,高等教育毛入学率(%),education,World Bank,美国
USA,United States,2021,84.8550872802734,SE.TER.ENRR,高等教育毛入学率(%),education,World Bank,美国
USA,United States,2020,87.5676574707031,SE.TER.ENRR,高等教育毛入学率(%),education,World Bank,美国
USA,United States,2019,87.8887100219727,SE.TER.ENRR,高等教育毛入学率(%),education,World Bank,美国
USA,United States,2018,88.2991790771484,SE.TER.ENRR,高等教育毛入学率(%),education,World Bank,美国
USA,United States,2017,88.1673889160156,SE.TER.ENRR,高等教育毛入学率(%),education,World Bank,美国
USA,United States,2016,88.8350524902344,SE.TER.ENRR,高等教育毛入学率(%),education,World Bank,美国
USA,United States,2015,88.8894119262695,SE.TER.ENRR,高等教育毛入学率(%),education,World Bank,美国
ARE,United Arab Emirates,2024,,SE.TER.ENRL,高等教育在校生总数,education,World Bank,阿联酋
ARE,United Arab Emirates,2023,,SE.TER.ENRL,高等教育在校生总数,education,World Bank,阿联酋
ARE,United Arab Emirates,2022,,SE.TER.ENRL,高等教育在校生总数,education,World Bank,阿联酋
ARE,United Arab Emirates,2021,,SE.TER.ENRL,高等教育在校生总数,education,World Bank,阿联酋
ARE,United Arab Emirates,2020,,SE.TER.ENRL,高等教育在校生总数,education,World Bank,阿联酋
ARE,United Arab Emirates,2019,,SE.TER.ENRL,高等教育在校生总数,education,World Bank,阿联酋
ARE,United Arab Emirates,2018,,SE.TER.ENRL,高等教育在校生总数,education,World Bank,阿联酋
ARE,United Arab Emirates,2017,191794.0,SE.TER.ENRL,高等教育在校生总数,education,World Bank,阿联酋
ARE,United Arab Emirates,2016,159553.0,SE.TER.ENRL,高等教育在校生总数,education,World Bank,阿联酋
ARE,United Arab Emirates,2015,156613.0,SE.TER.ENRL,高等教育在校生总数,education,World Bank,阿联酋
CAN,Canada,2024,,SE.TER.ENRL,高等教育在校生总数,education,World Bank,加拿大
CAN,Canada,2023,,SE.TER.ENRL,高等教育在校生总数,education,World Bank,加拿大
CAN,Canada,2022,,SE.TER.ENRL,高等教育在校生总数,education,World Bank,加拿大
CAN,Canada,2021,,SE.TER.ENRL,高等教育在校生总数,education,World Bank,加拿大
CAN,Canada,2020,,SE.TER.ENRL,高等教育在校生总数,education,World Bank,加拿大
CAN,Canada,2019,,SE.TER.ENRL,高等教育在校生总数,education,World Bank,加拿大
CAN,Canada,2018,1622693.0,SE.TER.ENRL,高等教育在校生总数,education,World Bank,加拿大
CAN,Canada,2017,1625578.0,SE.TER.ENRL,高等教育在校生总数,education,World Bank,加拿大
CAN,Canada,2016,1593383.0,SE.TER.ENRL,高等教育在校生总数,education,World Bank,加拿大
CAN,Canada,2015,1564125.0,SE.TER.ENRL,高等教育在校生总数,education,World Bank,加拿大
CHN,China,2024,,SE.TER.ENRL,高等教育在校生总数,education,World Bank,中国
CHN,China,2023,,SE.TER.ENRL,高等教育在校生总数,education,World Bank,中国
CHN,China,2022,,SE.TER.ENRL,高等教育在校生总数,education,World Bank,中国
CHN,China,2021,,SE.TER.ENRL,高等教育在校生总数,education,World Bank,中国
CHN,China,2020,,SE.TER.ENRL,高等教育在校生总数,education,World Bank,中国
CHN,China,2019,46993614.0,SE.TER.ENRL,高等教育在校生总数,education,World Bank,中国
CHN,China,2018,44935169.0,SE.TER.ENRL,高等教育在校生总数,education,World Bank,中国
CHN,China,2017,44127509.0,SE.TER.ENRL,高等教育在校生总数,education,World Bank,中国
CHN,China,2016,43886104.0,SE.TER.ENRL,高等教育在校生总数,education,World Bank,中国
CHN,China,2015,43367394.0,SE.TER.ENRL,高等教育在校生总数,education,World Bank,中国
DEU,Germany,2024,,SE.TER.ENRL,高等教育在校生总数,education,World Bank,德国
DEU,Germany,2023,,SE.TER.ENRL,高等教育在校生总数,education,World Bank,德国
DEU,Germany,2022,,SE.TER.ENRL,高等教育在校生总数,education,World Bank,德国
DEU,Germany,2021,,SE.TER.ENRL,高等教育在校生总数,education,World Bank,德国
DEU,Germany,2020,,SE.TER.ENRL,高等教育在校生总数,education,World Bank,德国
DEU,Germany,2019,,SE.TER.ENRL,高等教育在校生总数,education,World Bank,德国
DEU,Germany,2018,3127927.0,SE.TER.ENRL,高等教育在校生总数,education,World Bank,德国
DEU,Germany,2017,3091694.0,SE.TER.ENRL,高等教育在校生总数,education,World Bank,德国
DEU,Germany,2016,3043084.0,SE.TER.ENRL,高等教育在校生总数,education,World Bank,德国
DEU,Germany,2015,2977781.0,SE.TER.ENRL,高等教育在校生总数,education,World Bank,德国
FRA,France,2024,,SE.TER.ENRL,高等教育在校生总数,education,World Bank,法国
FRA,France,2023,,SE.TER.ENRL,高等教育在校生总数,education,World Bank,法国
FRA,France,2022,,SE.TER.ENRL,高等教育在校生总数,education,World Bank,法国
FRA,France,2021,,SE.TER.ENRL,高等教育在校生总数,education,World Bank,法国
FRA,France,2020,,SE.TER.ENRL,高等教育在校生总数,education,World Bank,法国
FRA,France,2019,,SE.TER.ENRL,高等教育在校生总数,education,World Bank,法国
FRA,France,2018,2618729.0,SE.TER.ENRL,高等教育在校生总数,education,World Bank,法国
FRA,France,2017,2532831.0,SE.TER.ENRL,高等教育在校生总数,education,World Bank,法国
FRA,France,2016,2480186.0,SE.TER.ENRL,高等教育在校生总数,education,World Bank,法国
FRA,France,2015,2424158.0,SE.TER.ENRL,高等教育在校生总数,education,World Bank,法国
GBR,United Kingdom,2024,,SE.TER.ENRL,高等教育在校生总数,education,World Bank,英国
GBR,United Kingdom,2023,,SE.TER.ENRL,高等教育在校生总数,education,World Bank,英国
GBR,United Kingdom,2022,,SE.TER.ENRL,高等教育在校生总数,education,World Bank,英国
GBR,United Kingdom,2021,,SE.TER.ENRL,高等教育在校生总数,education,World Bank,英国
GBR,United Kingdom,2020,,SE.TER.ENRL,高等教育在校生总数,education,World Bank,英国
GBR,United Kingdom,2019,,SE.TER.ENRL,高等教育在校生总数,education,World Bank,英国
GBR,United Kingdom,2018,2467086.41216,SE.TER.ENRL,高等教育在校生总数,education,World Bank,英国
GBR,United Kingdom,2017,2431886.37666,SE.TER.ENRL,高等教育在校生总数,education,World Bank,英国
GBR,United Kingdom,2016,2387280.16667,SE.TER.ENRL,高等教育在校生总数,education,World Bank,英国
GBR,United Kingdom,2015,2330334.47948,SE.TER.ENRL,高等教育在校生总数,education,World Bank,英国
IND,India,2024,,SE.TER.ENRL,高等教育在校生总数,education,World Bank,印度
IND,India,2023,,SE.TER.ENRL,高等教育在校生总数,education,World Bank,印度
IND,India,2022,,SE.TER.ENRL,高等教育在校生总数,education,World Bank,印度
IND,India,2021,,SE.TER.ENRL,高等教育在校生总数,education,World Bank,印度
IND,India,2020,,SE.TER.ENRL,高等教育在校生总数,education,World Bank,印度
IND,India,2019,35148118.0,SE.TER.ENRL,高等教育在校生总数,education,World Bank,印度
IND,India,2018,34337594.0,SE.TER.ENRL,高等教育在校生总数,education,World Bank,印度
IND,India,2017,33374107.0,SE.TER.ENRL,高等教育在校生总数,education,World Bank,印度
IND,India,2016,32391800.0,SE.TER.ENRL,高等教育在校生总数,education,World Bank,印度
IND,India,2015,32107419.0,SE.TER.ENRL,高等教育在校生总数,education,World Bank,印度
JPN,Japan,2024,,SE.TER.ENRL,高等教育在校生总数,education,World Bank,日本
JPN,Japan,2023,,SE.TER.ENRL,高等教育在校生总数,education,World Bank,日本
JPN,Japan,2022,,SE.TER.ENRL,高等教育在校生总数,education,World Bank,日本
JPN,Japan,2021,,SE.TER.ENRL,高等教育在校生总数,education,World Bank,日本
JPN,Japan,2020,,SE.TER.ENRL,高等教育在校生总数,education,World Bank,日本
JPN,Japan,2019,,SE.TER.ENRL,高等教育在校生总数,education,World Bank,日本
JPN,Japan,2018,3861847.0,SE.TER.ENRL,高等教育在校生总数,education,World Bank,日本
JPN,Japan,2017,3853034.0,SE.TER.ENRL,高等教育在校生总数,education,World Bank,日本
JPN,Japan,2016,3846927.0,SE.TER.ENRL,高等教育在校生总数,education,World Bank,日本
JPN,Japan,2015,3845395.0,SE.TER.ENRL,高等教育在校生总数,education,World Bank,日本
KOR,"Korea, Rep.",2024,,SE.TER.ENRL,高等教育在校生总数,education,World Bank,韩国
KOR,"Korea, Rep.",2023,,SE.TER.ENRL,高等教育在校生总数,education,World Bank,韩国
KOR,"Korea, Rep.",2022,,SE.TER.ENRL,高等教育在校生总数,education,World Bank,韩国
KOR,"Korea, Rep.",2021,,SE.TER.ENRL,高等教育在校生总数,education,World Bank,韩国
KOR,"Korea, Rep.",2020,,SE.TER.ENRL,高等教育在校生总数,education,World Bank,韩国
KOR,"Korea, Rep.",2019,,SE.TER.ENRL,高等教育在校生总数,education,World Bank,韩国
KOR,"Korea, Rep.",2018,3083800.0,SE.TER.ENRL,高等教育在校生总数,education,World Bank,韩国
KOR,"Korea, Rep.",2017,3136395.0,SE.TER.ENRL,高等教育在校生总数,education,World Bank,韩国
KOR,"Korea, Rep.",2016,3204348.0,SE.TER.ENRL,高等教育在校生总数,education,World Bank,韩国
KOR,"Korea, Rep.",2015,3268099.0,SE.TER.ENRL,高等教育在校生总数,education,World Bank,韩国
USA,United States,2024,,SE.TER.ENRL,高等教育在校生总数,education,World Bank,美国
USA,United States,2023,,SE.TER.ENRL,高等教育在校生总数,education,World Bank,美国
USA,United States,2022,,SE.TER.ENRL,高等教育在校生总数,education,World Bank,美国
USA,United States,2021,,SE.TER.ENRL,高等教育在校生总数,education,World Bank,美国
USA,United States,2020,,SE.TER.ENRL,高等教育在校生总数,education,World Bank,美国
USA,United States,2019,,SE.TER.ENRL,高等教育在校生总数,education,World Bank,美国
USA,United States,2018,18941967.42457,SE.TER.ENRL,高等教育在校生总数,education,World Bank,美国
USA,United States,2017,19014530.0944,SE.TER.ENRL,高等教育在校生总数,education,World Bank,美国
USA,United States,2016,19288423.51018,SE.TER.ENRL,高等教育在校生总数,education,World Bank,美国
USA,United States,2015,19531727.01137,SE.TER.ENRL,高等教育在校生总数,education,World Bank,美国
ARE,United Arab Emirates,2024,,SE.XPD.TOTL.GD.ZS,教育支出占GDP比例(%),investment,World Bank,阿联酋
ARE,United Arab Emirates,2023,,SE.XPD.TOTL.GD.ZS,教育支出占GDP比例(%),investment,World Bank,阿联酋
ARE,United Arab Emirates,2022,,SE.XPD.TOTL.GD.ZS,教育支出占GDP比例(%),investment,World Bank,阿联酋
ARE,United Arab Emirates,2021,3.89403009414673,SE.XPD.TOTL.GD.ZS,教育支出占GDP比例(%),investment,World Bank,阿联酋
ARE,United Arab Emirates,2020,3.98417997360229,SE.XPD.TOTL.GD.ZS,教育支出占GDP比例(%),investment,World Bank,阿联酋
ARE,United Arab Emirates,2019,3.86020994186401,SE.XPD.TOTL.GD.ZS,教育支出占GDP比例(%),investment,World Bank,阿联酋
ARE,United Arab Emirates,2018,,SE.XPD.TOTL.GD.ZS,教育支出占GDP比例(%),investment,World Bank,阿联酋
ARE,United Arab Emirates,2017,,SE.XPD.TOTL.GD.ZS,教育支出占GDP比例(%),investment,World Bank,阿联酋
ARE,United Arab Emirates,2016,,SE.XPD.TOTL.GD.ZS,教育支出占GDP比例(%),investment,World Bank,阿联酋
ARE,United Arab Emirates,2015,,SE.XPD.TOTL.GD.ZS,教育支出占GDP比例(%),investment,World Bank,阿联酋
CAN,Canada,2024,,SE.XPD.TOTL.GD.ZS,教育支出占GDP比例(%),investment,World Bank,加拿大
CAN,Canada,2023,,SE.XPD.TOTL.GD.ZS,教育支出占GDP比例(%),investment,World Bank,加拿大
CAN,Canada,2022,4.88021993637085,SE.XPD.TOTL.GD.ZS,教育支出占GDP比例(%),investment,World Bank,加拿大
CAN,Canada,2021,4.74860000610352,SE.XPD.TOTL.GD.ZS,教育支出占GDP比例(%),investment,World Bank,加拿大
CAN,Canada,2020,4.88794994354248,SE.XPD.TOTL.GD.ZS,教育支出占GDP比例(%),investment,World Bank,加拿大
CAN,Canada,2019,4.77293014526367,SE.XPD.TOTL.GD.ZS,教育支出占GDP比例(%),investment,World Bank,加拿大
CAN,Canada,2018,4.8889799118042,SE.XPD.TOTL.GD.ZS,教育支出占GDP比例(%),investment,World Bank,加拿大
CAN,Canada,2017,4.95996999740601,SE.XPD.TOTL.GD.ZS,教育支出占GDP比例(%),investment,World Bank,加拿大
CAN,Canada,2016,4.81642007827759,SE.XPD.TOTL.GD.ZS,教育支出占GDP比例(%),investment,World Bank,加拿大
CAN,Canada,2015,4.7393798828125,SE.XPD.TOTL.GD.ZS,教育支出占GDP比例(%),investment,World Bank,加拿大
CHN,China,2024,,SE.XPD.TOTL.GD.ZS,教育支出占GDP比例(%),investment,World Bank,中国
CHN,China,2023,4.00127983093262,SE.XPD.TOTL.GD.ZS,教育支出占GDP比例(%),investment,World Bank,中国
CHN,China,2022,,SE.XPD.TOTL.GD.ZS,教育支出占GDP比例(%),investment,World Bank,中国
CHN,China,2021,,SE.XPD.TOTL.GD.ZS,教育支出占GDP比例(%),investment,World Bank,中国
CHN,China,2020,,SE.XPD.TOTL.GD.ZS,教育支出占GDP比例(%),investment,World Bank,中国
CHN,China,2019,,SE.XPD.TOTL.GD.ZS,教育支出占GDP比例(%),investment,World Bank,中国
CHN,China,2018,,SE.XPD.TOTL.GD.ZS,教育支出占GDP比例(%),investment,World Bank,中国
CHN,China,2017,,SE.XPD.TOTL.GD.ZS,教育支出占GDP比例(%),investment,World Bank,中国
CHN,China,2016,,SE.XPD.TOTL.GD.ZS,教育支出占GDP比例(%),investment,World Bank,中国
CHN,China,2015,,SE.XPD.TOTL.GD.ZS,教育支出占GDP比例(%),investment,World Bank,中国
DEU,Germany,2024,,SE.XPD.TOTL.GD.ZS,教育支出占GDP比例(%),investment,World Bank,德国
DEU,Germany,2023,,SE.XPD.TOTL.GD.ZS,教育支出占GDP比例(%),investment,World Bank,德国
DEU,Germany,2022,5.23916006088257,SE.XPD.TOTL.GD.ZS,教育支出占GDP比例(%),investment,World Bank,德国
DEU,Germany,2021,5.36734008789062,SE.XPD.TOTL.GD.ZS,教育支出占GDP比例(%),investment,World Bank,德国
DEU,Germany,2020,5.51600980758667,SE.XPD.TOTL.GD.ZS,教育支出占GDP比例(%),investment,World Bank,德国
DEU,Germany,2019,5.02757978439331,SE.XPD.TOTL.GD.ZS,教育支出占GDP比例(%),investment,World Bank,德国
DEU,Germany,2018,4.88400983810425,SE.XPD.TOTL.GD.ZS,教育支出占GDP比例(%),investment,World Bank,德国
DEU,Germany,2017,4.77830982208252,SE.XPD.TOTL.GD.ZS,教育支出占GDP比例(%),investment,World Bank,德国
DEU,Germany,2016,4.74631023406982,SE.XPD.TOTL.GD.ZS,教育支出占GDP比例(%),investment,World Bank,德国
DEU,Germany,2015,4.76157999038696,SE.XPD.TOTL.GD.ZS,教育支出占GDP比例(%),investment,World Bank,德国
FRA,France,2024,,SE.XPD.TOTL.GD.ZS,教育支出占GDP比例(%),investment,World Bank,法国
FRA,France,2023,,SE.XPD.TOTL.GD.ZS,教育支出占GDP比例(%),investment,World Bank,法国
FRA,France,2022,5.32435989379883,SE.XPD.TOTL.GD.ZS,教育支出占GDP比例(%),investment,World Bank,法国
FRA,France,2021,5.41742992401123,SE.XPD.TOTL.GD.ZS,教育支出占GDP比例(%),investment,World Bank,法国
FRA,France,2020,5.65872001647949,SE.XPD.TOTL.GD.ZS,教育支出占GDP比例(%),investment,World Bank,法国
FRA,France,2019,5.36638021469116,SE.XPD.TOTL.GD.ZS,教育支出占GDP比例(%),investment,World Bank,法国
FRA,France,2018,5.42540979385376,SE.XPD.TOTL.GD.ZS,教育支出占GDP比例(%),investment,World Bank,法国
FRA,France,2017,5.46482992172241,SE.XPD.TOTL.GD.ZS,教育支出占GDP比例(%),investment,World Bank,法国
FRA,France,2016,,SE.XPD.TOTL.GD.ZS,教育支出占GDP比例(%),investment,World Bank,法国
FRA,France,2015,,SE.XPD.TOTL.GD.ZS,教育支出占GDP比例(%),investment,World Bank,法国
GBR,United Kingdom,2024,,SE.XPD.TOTL.GD.ZS,教育支出占GDP比例(%),investment,World Bank,英国
GBR,United Kingdom,2023,,SE.XPD.TOTL.GD.ZS,教育支出占GDP比例(%),investment,World Bank,英国
GBR,United Kingdom,2022,,SE.XPD.TOTL.GD.ZS,教育支出占GDP比例(%),investment,World Bank,英国
GBR,United Kingdom,2021,5.90682983398438,SE.XPD.TOTL.GD.ZS,教育支出占GDP比例(%),investment,World Bank,英国
GBR,United Kingdom,2020,5.43935012817383,SE.XPD.TOTL.GD.ZS,教育支出占GDP比例(%),investment,World Bank,英国
GBR,United Kingdom,2019,5.26115989685059,SE.XPD.TOTL.GD.ZS,教育支出占GDP比例(%),investment,World Bank,英国
GBR,United Kingdom,2018,5.20437002182007,SE.XPD.TOTL.GD.ZS,教育支出占GDP比例(%),investment,World Bank,英国
GBR,United Kingdom,2017,5.45256996154785,SE.XPD.TOTL.GD.ZS,教育支出占GDP比例(%),investment,World Bank,英国
GBR,United Kingdom,2016,5.42795991897583,SE.XPD.TOTL.GD.ZS,教育支出占GDP比例(%),investment,World Bank,英国
GBR,United Kingdom,2015,5.55452013015747,SE.XPD.TOTL.GD.ZS,教育支出占GDP比例(%),investment,World Bank,英国
IND,India,2024,,SE.XPD.TOTL.GD.ZS,教育支出占GDP比例(%),investment,World Bank,印度
IND,India,2023,,SE.XPD.TOTL.GD.ZS,教育支出占GDP比例(%),investment,World Bank,印度
IND,India,2022,4.09865814174589,SE.XPD.TOTL.GD.ZS,教育支出占GDP比例(%),investment,World Bank,印度
IND,India,2021,4.62949991226196,SE.XPD.TOTL.GD.ZS,教育支出占GDP比例(%),investment,World Bank,印度
IND,India,2020,4.29335021972656,SE.XPD.TOTL.GD.ZS,教育支出占GDP比例(%),investment,World Bank,印度
IND,India,2019,3.89732003211975,SE.XPD.TOTL.GD.ZS,教育支出占GDP比例(%),investment,World Bank,印度
IND,India,2018,4.36373996734619,SE.XPD.TOTL.GD.ZS,教育支出占GDP比例(%),investment,World Bank,印度
IND,India,2017,4.30544996261597,SE.XPD.TOTL.GD.ZS,教育支出占GDP比例(%),investment,World Bank,印度
IND,India,2016,4.25407981872559,SE.XPD.TOTL.GD.ZS,教育支出占GDP比例(%),investment,World Bank,印度
IND,India,2015,4.11457014083862,SE.XPD.TOTL.GD.ZS,教育支出占GDP比例(%),investment,World Bank,印度
JPN,Japan,2024,,SE.XPD.TOTL.GD.ZS,教育支出占GDP比例(%),investment,World Bank,日本
JPN,Japan,2023,,SE.XPD.TOTL.GD.ZS,教育支出占GDP比例(%),investment,World Bank,日本
JPN,Japan,2022,,SE.XPD.TOTL.GD.ZS,教育支出占GDP比例(%),investment,World Bank,日本
JPN,Japan,2021,3.33563995361328,SE.XPD.TOTL.GD.ZS,教育支出占GDP比例(%),investment,World Bank,日本
JPN,Japan,2020,3.30628991127014,SE.XPD.TOTL.GD.ZS,教育支出占GDP比例(%),investment,World Bank,日本
JPN,Japan,2019,3.15533995628357,SE.XPD.TOTL.GD.ZS,教育支出占GDP比例(%),investment,World Bank,日本
JPN,Japan,2018,3.07782006263733,SE.XPD.TOTL.GD.ZS,教育支出占GDP比例(%),investment,World Bank,日本
JPN,Japan,2017,3.13057994842529,SE.XPD.TOTL.GD.ZS,教育支出占GDP比例(%),investment,World Bank,日本
JPN,Japan,2016,3.14643001556396,SE.XPD.TOTL.GD.ZS,教育支出占GDP比例(%),investment,World Bank,日本
JPN,Japan,2015,3.31221008300781,SE.XPD.TOTL.GD.ZS,教育支出占GDP比例(%),investment,World Bank,日本
KOR,"Korea, Rep.",2024,,SE.XPD.TOTL.GD.ZS,教育支出占GDP比例(%),investment,World Bank,韩国
KOR,"Korea, Rep.",2023,,SE.XPD.TOTL.GD.ZS,教育支出占GDP比例(%),investment,World Bank,韩国
KOR,"Korea, Rep.",2022,5.81446981430054,SE.XPD.TOTL.GD.ZS,教育支出占GDP比例(%),investment,World Bank,韩国
KOR,"Korea, Rep.",2021,4.86627006530762,SE.XPD.TOTL.GD.ZS,教育支出占GDP比例(%),investment,World Bank,韩国
KOR,"Korea, Rep.",2020,4.8017201423645,SE.XPD.TOTL.GD.ZS,教育支出占GDP比例(%),investment,World Bank,韩国
KOR,"Korea, Rep.",2019,4.68465995788574,SE.XPD.TOTL.GD.ZS,教育支出占GDP比例(%),investment,World Bank,韩国
KOR,"Korea, Rep.",2018,4.45807981491089,SE.XPD.TOTL.GD.ZS,教育支出占GDP比例(%),investment,World Bank,韩国
KOR,"Korea, Rep.",2017,4.32823991775513,SE.XPD.TOTL.GD.ZS,教育支出占GDP比例(%),investment,World Bank,韩国
KOR,"Korea, Rep.",2016,4.33309984207153,SE.XPD.TOTL.GD.ZS,教育支出占GDP比例(%),investment,World Bank,韩国
KOR,"Korea, Rep.",2015,4.45423984527588,SE.XPD.TOTL.GD.ZS,教育支出占GDP比例(%),investment,World Bank,韩国
USA,United States,2024,,SE.XPD.TOTL.GD.ZS,教育支出占GDP比例(%),investment,World Bank,美国
USA,United States,2023,,SE.XPD.TOTL.GD.ZS,教育支出占GDP比例(%),investment,World Bank,美国
USA,United States,2022,,SE.XPD.TOTL.GD.ZS,教育支出占GDP比例(%),investment,World Bank,美国
USA,United States,2021,5.42038011550903,SE.XPD.TOTL.GD.ZS,教育支出占GDP比例(%),investment,World Bank,美国
USA,United States,2020,5.39531993865967,SE.XPD.TOTL.GD.ZS,教育支出占GDP比例(%),investment,World Bank,美国
USA,United States,2019,4.95746994018555,SE.XPD.TOTL.GD.ZS,教育支出占GDP比例(%),investment,World Bank,美国
USA,United States,2018,4.89502000808716,SE.XPD.TOTL.GD.ZS,教育支出占GDP比例(%),investment,World Bank,美国
USA,United States,2017,5.09296989440918,SE.XPD.TOTL.GD.ZS,教育支出占GDP比例(%),investment,World Bank,美国
USA,United States,2016,4.78327989578247,SE.XPD.TOTL.GD.ZS,教育支出占GDP比例(%),investment,World Bank,美国
USA,United States,2015,4.93063020706177,SE.XPD.TOTL.GD.ZS,教育支出占GDP比例(%),investment,World Bank,美国
ARE,United Arab Emirates,2024,,SE.XPD.TERT.PC.ZS,高等教育生均支出占人均GDP比例(%),investment,World Bank,阿联酋
ARE,United Arab Emirates,2023,,SE.XPD.TERT.PC.ZS,高等教育生均支出占人均GDP比例(%),investment,World Bank,阿联酋
ARE,United Arab Emirates,2022,,SE.XPD.TERT.PC.ZS,高等教育生均支出占人均GDP比例(%),investment,World Bank,阿联酋
ARE,United Arab Emirates,2021,,SE.XPD.TERT.PC.ZS,高等教育生均支出占人均GDP比例(%),investment,World Bank,阿联酋
ARE,United Arab Emirates,2020,,SE.XPD.TERT.PC.ZS,高等教育生均支出占人均GDP比例(%),investment,World Bank,阿联酋
ARE,United Arab Emirates,2019,,SE.XPD.TERT.PC.ZS,高等教育生均支出占人均GDP比例(%),investment,World Bank,阿联酋
ARE,United Arab Emirates,2018,,SE.XPD.TERT.PC.ZS,高等教育生均支出占人均GDP比例(%),investment,World Bank,阿联酋
ARE,United Arab Emirates,2017,,SE.XPD.TERT.PC.ZS,高等教育生均支出占人均GDP比例(%),investment,World Bank,阿联酋
ARE,United Arab Emirates,2016,,SE.XPD.TERT.PC.ZS,高等教育生均支出占人均GDP比例(%),investment,World Bank,阿联酋
ARE,United Arab Emirates,2015,,SE.XPD.TERT.PC.ZS,高等教育生均支出占人均GDP比例(%),investment,World Bank,阿联酋
CAN,Canada,2024,,SE.XPD.TERT.PC.ZS,高等教育生均支出占人均GDP比例(%),investment,World Bank,加拿大
CAN,Canada,2023,,SE.XPD.TERT.PC.ZS,高等教育生均支出占人均GDP比例(%),investment,World Bank,加拿大
CAN,Canada,2022,,SE.XPD.TERT.PC.ZS,高等教育生均支出占人均GDP比例(%),investment,World Bank,加拿大
CAN,Canada,2021,,SE.XPD.TERT.PC.ZS,高等教育生均支出占人均GDP比例(%),investment,World Bank,加拿大
CAN,Canada,2020,,SE.XPD.TERT.PC.ZS,高等教育生均支出占人均GDP比例(%),investment,World Bank,加拿大
CAN,Canada,2019,,SE.XPD.TERT.PC.ZS,高等教育生均支出占人均GDP比例(%),investment,World Bank,加拿大
CAN,Canada,2018,,SE.XPD.TERT.PC.ZS,高等教育生均支出占人均GDP比例(%),investment,World Bank,加拿大
CAN,Canada,2017,,SE.XPD.TERT.PC.ZS,高等教育生均支出占人均GDP比例(%),investment,World Bank,加拿大
CAN,Canada,2016,31.44008,SE.XPD.TERT.PC.ZS,高等教育生均支出占人均GDP比例(%),investment,World Bank,加拿大
CAN,Canada,2015,36.93396,SE.XPD.TERT.PC.ZS,高等教育生均支出占人均GDP比例(%),investment,World Bank,加拿大
CHN,China,2024,,SE.XPD.TERT.PC.ZS,高等教育生均支出占人均GDP比例(%),investment,World Bank,中国
CHN,China,2023,,SE.XPD.TERT.PC.ZS,高等教育生均支出占人均GDP比例(%),investment,World Bank,中国
CHN,China,2022,,SE.XPD.TERT.PC.ZS,高等教育生均支出占人均GDP比例(%),investment,World Bank,中国
CHN,China,2021,,SE.XPD.TERT.PC.ZS,高等教育生均支出占人均GDP比例(%),investment,World Bank,中国
CHN,China,2020,,SE.XPD.TERT.PC.ZS,高等教育生均支出占人均GDP比例(%),investment,World Bank,中国
CHN,China,2019,,SE.XPD.TERT.PC.ZS,高等教育生均支出占人均GDP比例(%),investment,World Bank,中国
CHN,China,2018,,SE.XPD.TERT.PC.ZS,高等教育生均支出占人均GDP比例(%),investment,World Bank,中国
CHN,China,2017,,SE.XPD.TERT.PC.ZS,高等教育生均支出占人均GDP比例(%),investment,World Bank,中国
CHN,China,2016,,SE.XPD.TERT.PC.ZS,高等教育生均支出占人均GDP比例(%),investment,World Bank,中国
CHN,China,2015,,SE.XPD.TERT.PC.ZS,高等教育生均支出占人均GDP比例(%),investment,World Bank,中国
DEU,Germany,2024,,SE.XPD.TERT.PC.ZS,高等教育生均支出占人均GDP比例(%),investment,World Bank,德国
DEU,Germany,2023,,SE.XPD.TERT.PC.ZS,高等教育生均支出占人均GDP比例(%),investment,World Bank,德国
DEU,Germany,2022,,SE.XPD.TERT.PC.ZS,高等教育生均支出占人均GDP比例(%),investment,World Bank,德国
DEU,Germany,2021,,SE.XPD.TERT.PC.ZS,高等教育生均支出占人均GDP比例(%),investment,World Bank,德国
DEU,Germany,2020,,SE.XPD.TERT.PC.ZS,高等教育生均支出占人均GDP比例(%),investment,World Bank,德国
DEU,Germany,2019,,SE.XPD.TERT.PC.ZS,高等教育生均支出占人均GDP比例(%),investment,World Bank,德国
DEU,Germany,2018,,SE.XPD.TERT.PC.ZS,高等教育生均支出占人均GDP比例(%),investment,World Bank,德国
DEU,Germany,2017,,SE.XPD.TERT.PC.ZS,高等教育生均支出占人均GDP比例(%),investment,World Bank,德国
DEU,Germany,2016,33.58129,SE.XPD.TERT.PC.ZS,高等教育生均支出占人均GDP比例(%),investment,World Bank,德国
DEU,Germany,2015,33.95677,SE.XPD.TERT.PC.ZS,高等教育生均支出占人均GDP比例(%),investment,World Bank,德国
FRA,France,2024,,SE.XPD.TERT.PC.ZS,高等教育生均支出占人均GDP比例(%),investment,World Bank,法国
FRA,France,2023,,SE.XPD.TERT.PC.ZS,高等教育生均支出占人均GDP比例(%),investment,World Bank,法国
FRA,France,2022,,SE.XPD.TERT.PC.ZS,高等教育生均支出占人均GDP比例(%),investment,World Bank,法国
FRA,France,2021,,SE.XPD.TERT.PC.ZS,高等教育生均支出占人均GDP比例(%),investment,World Bank,法国
FRA,France,2020,,SE.XPD.TERT.PC.ZS,高等教育生均支出占人均GDP比例(%),investment,World Bank,法国
FRA,France,2019,,SE.XPD.TERT.PC.ZS,高等教育生均支出占人均GDP比例(%),investment,World Bank,法国
FRA,France,2018,,SE.XPD.TERT.PC.ZS,高等教育生均支出占人均GDP比例(%),investment,World Bank,法国
FRA,France,2017,,SE.XPD.TERT.PC.ZS,高等教育生均支出占人均GDP比例(%),investment,World Bank,法国
FRA,France,2016,31.62493,SE.XPD.TERT.PC.ZS,高等教育生均支出占人均GDP比例(%),investment,World Bank,法国
FRA,France,2015,32.96949,SE.XPD.TERT.PC.ZS,高等教育生均支出占人均GDP比例(%),investment,World Bank,法国
GBR,United Kingdom,2024,,SE.XPD.TERT.PC.ZS,高等教育生均支出占人均GDP比例(%),investment,World Bank,英国
GBR,United Kingdom,2023,,SE.XPD.TERT.PC.ZS,高等教育生均支出占人均GDP比例(%),investment,World Bank,英国
GBR,United Kingdom,2022,,SE.XPD.TERT.PC.ZS,高等教育生均支出占人均GDP比例(%),investment,World Bank,英国
GBR,United Kingdom,2021,,SE.XPD.TERT.PC.ZS,高等教育生均支出占人均GDP比例(%),investment,World Bank,英国
GBR,United Kingdom,2020,,SE.XPD.TERT.PC.ZS,高等教育生均支出占人均GDP比例(%),investment,World Bank,英国
GBR,United Kingdom,2019,,SE.XPD.TERT.PC.ZS,高等教育生均支出占人均GDP比例(%),investment,World Bank,英国
GBR,United Kingdom,2018,,SE.XPD.TERT.PC.ZS,高等教育生均支出占人均GDP比例(%),investment,World Bank,英国
GBR,United Kingdom,2017,,SE.XPD.TERT.PC.ZS,高等教育生均支出占人均GDP比例(%),investment,World Bank,英国
GBR,United Kingdom,2016,37.99046,SE.XPD.TERT.PC.ZS,高等教育生均支出占人均GDP比例(%),investment,World Bank,英国
GBR,United Kingdom,2015,35.35066,SE.XPD.TERT.PC.ZS,高等教育生均支出占人均GDP比例(%),investment,World Bank,英国
IND,India,2024,,SE.XPD.TERT.PC.ZS,高等教育生均支出占人均GDP比例(%),investment,World Bank,印度
IND,India,2023,,SE.XPD.TERT.PC.ZS,高等教育生均支出占人均GDP比例(%),investment,World Bank,印度
IND,India,2022,,SE.XPD.TERT.PC.ZS,高等教育生均支出占人均GDP比例(%),investment,World Bank,印度
IND,India,2021,,SE.XPD.TERT.PC.ZS,高等教育生均支出占人均GDP比例(%),investment,World Bank,印度
IND,India,2020,,SE.XPD.TERT.PC.ZS,高等教育生均支出占人均GDP比例(%),investment,World Bank,印度
IND,India,2019,,SE.XPD.TERT.PC.ZS,高等教育生均支出占人均GDP比例(%),investment,World Bank,印度
IND,India,2018,,SE.XPD.TERT.PC.ZS,高等教育生均支出占人均GDP比例(%),investment,World Bank,印度
IND,India,2017,,SE.XPD.TERT.PC.ZS,高等教育生均支出占人均GDP比例(%),investment,World Bank,印度
IND,India,2016,,SE.XPD.TERT.PC.ZS,高等教育生均支出占人均GDP比例(%),investment,World Bank,印度
IND,India,2015,,SE.XPD.TERT.PC.ZS,高等教育生均支出占人均GDP比例(%),investment,World Bank,印度
JPN,Japan,2024,,SE.XPD.TERT.PC.ZS,高等教育生均支出占人均GDP比例(%),investment,World Bank,日本
JPN,Japan,2023,,SE.XPD.TERT.PC.ZS,高等教育生均支出占人均GDP比例(%),investment,World Bank,日本
JPN,Japan,2022,,SE.XPD.TERT.PC.ZS,高等教育生均支出占人均GDP比例(%),investment,World Bank,日本
JPN,Japan,2021,,SE.XPD.TERT.PC.ZS,高等教育生均支出占人均GDP比例(%),investment,World Bank,日本
JPN,Japan,2020,,SE.XPD.TERT.PC.ZS,高等教育生均支出占人均GDP比例(%),investment,World Bank,日本
JPN,Japan,2019,,SE.XPD.TERT.PC.ZS,高等教育生均支出占人均GDP比例(%),investment,World Bank,日本
JPN,Japan,2018,,SE.XPD.TERT.PC.ZS,高等教育生均支出占人均GDP比例(%),investment,World Bank,日本
JPN,Japan,2017,,SE.XPD.TERT.PC.ZS,高等教育生均支出占人均GDP比例(%),investment,World Bank,日本
JPN,Japan,2016,20.60904,SE.XPD.TERT.PC.ZS,高等教育生均支出占人均GDP比例(%),investment,World Bank,日本
JPN,Japan,2015,,SE.XPD.TERT.PC.ZS,高等教育生均支出占人均GDP比例(%),investment,World Bank,日本
KOR,"Korea, Rep.",2024,,SE.XPD.TERT.PC.ZS,高等教育生均支出占人均GDP比例(%),investment,World Bank,韩国
KOR,"Korea, Rep.",2023,,SE.XPD.TERT.PC.ZS,高等教育生均支出占人均GDP比例(%),investment,World Bank,韩国
KOR,"Korea, Rep.",2022,,SE.XPD.TERT.PC.ZS,高等教育生均支出占人均GDP比例(%),investment,World Bank,韩国
KOR,"Korea, Rep.",2021,,SE.XPD.TERT.PC.ZS,高等教育生均支出占人均GDP比例(%),investment,World Bank,韩国
KOR,"Korea, Rep.",2020,,SE.XPD.TERT.PC.ZS,高等教育生均支出占人均GDP比例(%),investment,World Bank,韩国
KOR,"Korea, Rep.",2019,,SE.XPD.TERT.PC.ZS,高等教育生均支出占人均GDP比例(%),investment,World Bank,韩国
KOR,"Korea, Rep.",2018,,SE.XPD.TERT.PC.ZS,高等教育生均支出占人均GDP比例(%),investment,World Bank,韩国
KOR,"Korea, Rep.",2017,,SE.XPD.TERT.PC.ZS,高等教育生均支出占人均GDP比例(%),investment,World Bank,韩国
KOR,"Korea, Rep.",2016,15.02377,SE.XPD.TERT.PC.ZS,高等教育生均支出占人均GDP比例(%),investment,World Bank,韩国
KOR,"Korea, Rep.",2015,14.76092,SE.XPD.TERT.PC.ZS,高等教育生均支出占人均GDP比例(%),investment,World Bank,韩国
USA,United States,2024,,SE.XPD.TERT.PC.ZS,高等教育生均支出占人均GDP比例(%),investment,World Bank,美国
USA,United States,2023,,SE.XPD.TERT.PC.ZS,高等教育生均支出占人均GDP比例(%),investment,World Bank,美国
USA,United States,2022,,SE.XPD.TERT.PC.ZS,高等教育生均支出占人均GDP比例(%),investment,World Bank,美国
USA,United States,2021,,SE.XPD.TERT.PC.ZS,高等教育生均支出占人均GDP比例(%),investment,World Bank,美国
USA,United States,2020,,SE.XPD.TERT.PC.ZS,高等教育生均支出占人均GDP比例(%),investment,World Bank,美国
USA,United States,2019,,SE.XPD.TERT.PC.ZS,高等教育生均支出占人均GDP比例(%),investment,World Bank,美国
USA,United States,2018,,SE.XPD.TERT.PC.ZS,高等教育生均支出占人均GDP比例(%),investment,World Bank,美国
USA,United States,2017,,SE.XPD.TERT.PC.ZS,高等教育生均支出占人均GDP比例(%),investment,World Bank,美国
USA,United States,2016,19.42953,SE.XPD.TERT.PC.ZS,高等教育生均支出占人均GDP比例(%),investment,World Bank,美国
USA,United States,2015,21.52057,SE.XPD.TERT.PC.ZS,高等教育生均支出占人均GDP比例(%),investment,World Bank,美国
ARE,United Arab Emirates,2024,,GB.XPD.RSDV.GD.ZS,R&D支出占GDP比例(%),investment,World Bank,阿联酋
ARE,United Arab Emirates,2023,,GB.XPD.RSDV.GD.ZS,R&D支出占GDP比例(%),investment,World Bank,阿联酋
ARE,United Arab Emirates,2022,,GB.XPD.RSDV.GD.ZS,R&D支出占GDP比例(%),investment,World Bank,阿联酋
ARE,United Arab Emirates,2021,1.49469,GB.XPD.RSDV.GD.ZS,R&D支出占GDP比例(%),investment,World Bank,阿联酋
ARE,United Arab Emirates,2020,1.48831,GB.XPD.RSDV.GD.ZS,R&D支出占GDP比例(%),investment,World Bank,阿联酋
ARE,United Arab Emirates,2019,1.31065,GB.XPD.RSDV.GD.ZS,R&D支出占GDP比例(%),investment,World Bank,阿联酋
ARE,United Arab Emirates,2018,1.26389,GB.XPD.RSDV.GD.ZS,R&D支出占GDP比例(%),investment,World Bank,阿联酋
ARE,United Arab Emirates,2017,,GB.XPD.RSDV.GD.ZS,R&D支出占GDP比例(%),investment,World Bank,阿联酋
ARE,United Arab Emirates,2016,0.9318,GB.XPD.RSDV.GD.ZS,R&D支出占GDP比例(%),investment,World Bank,阿联酋
ARE,United Arab Emirates,2015,0.8657,GB.XPD.RSDV.GD.ZS,R&D支出占GDP比例(%),investment,World Bank,阿联酋
CAN,Canada,2024,,GB.XPD.RSDV.GD.ZS,R&D支出占GDP比例(%),investment,World Bank,加拿大
CAN,Canada,2023,1.70133,GB.XPD.RSDV.GD.ZS,R&D支出占GDP比例(%),investment,World Bank,加拿大
CAN,Canada,2022,1.71166,GB.XPD.RSDV.GD.ZS,R&D支出占GDP比例(%),investment,World Bank,加拿大
CAN,Canada,2021,1.86431,GB.XPD.RSDV.GD.ZS,R&D支出占GDP比例(%),investment,World Bank,加拿大
CAN,Canada,2020,1.93414,GB.XPD.RSDV.GD.ZS,R&D支出占GDP比例(%),investment,World Bank,加拿大
CAN,Canada,2019,1.75578,GB.XPD.RSDV.GD.ZS,R&D支出占GDP比例(%),investment,World Bank,加拿大
CAN,Canada,2018,1.7372,GB.XPD.RSDV.GD.ZS,R&D支出占GDP比例(%),investment,World Bank,加拿大
CAN,Canada,2017,1.68702,GB.XPD.RSDV.GD.ZS,R&D支出占GDP比例(%),investment,World Bank,加拿大
CAN,Canada,2016,1.72903,GB.XPD.RSDV.GD.ZS,R&D支出占GDP比例(%),investment,World Bank,加拿大
CAN,Canada,2015,1.69359,GB.XPD.RSDV.GD.ZS,R&D支出占GDP比例(%),investment,World Bank,加拿大
CHN,China,2024,,GB.XPD.RSDV.GD.ZS,R&D支出占GDP比例(%),investment,World Bank,中国
CHN,China,2023,,GB.XPD.RSDV.GD.ZS,R&D支出占GDP比例(%),investment,World Bank,中国
CHN,China,2022,2.55518,GB.XPD.RSDV.GD.ZS,R&D支出占GDP比例(%),investment,World Bank,中国
CHN,China,2021,2.4326,GB.XPD.RSDV.GD.ZS,R&D支出占GDP比例(%),investment,World Bank,中国
CHN,China,2020,2.40666,GB.XPD.RSDV.GD.ZS,R&D支出占GDP比例(%),investment,World Bank,中国
CHN,China,2019,2.24463,GB.XPD.RSDV.GD.ZS,R&D支出占GDP比例(%),investment,World Bank,中国
CHN,China,2018,2.14058,GB.XPD.RSDV.GD.ZS,R&D支出占GDP比例(%),investment,World Bank,中国
CHN,China,2017,2.11603,GB.XPD.RSDV.GD.ZS,R&D支出占GDP比例(%),investment,World Bank,中国
CHN,China,2016,2.10033,GB.XPD.RSDV.GD.ZS,R&D支出占GDP比例(%),investment,World Bank,中国
CHN,China,2015,2.05701,GB.XPD.RSDV.GD.ZS,R&D支出占GDP比例(%),investment,World Bank,中国
DEU,Germany,2024,,GB.XPD.RSDV.GD.ZS,R&D支出占GDP比例(%),investment,World Bank,德国
DEU,Germany,2023,,GB.XPD.RSDV.GD.ZS,R&D支出占GDP比例(%),investment,World Bank,德国
DEU,Germany,2022,3.13236,GB.XPD.RSDV.GD.ZS,R&D支出占GDP比例(%),investment,World Bank,德国
DEU,Germany,2021,3.12882,GB.XPD.RSDV.GD.ZS,R&D支出占GDP比例(%),investment,World Bank,德国
DEU,Germany,2020,3.13136,GB.XPD.RSDV.GD.ZS,R&D支出占GDP比例(%),investment,World Bank,德国
DEU,Germany,2019,3.16701,GB.XPD.RSDV.GD.ZS,R&D支出占GDP比例(%),investment,World Bank,德国
DEU,Germany,2018,3.11011,GB.XPD.RSDV.GD.ZS,R&D支出占GDP比例(%),investment,World Bank,德国
DEU,Germany,2017,3.0471,GB.XPD.RSDV.GD.ZS,R&D支出占GDP比例(%),investment,World Bank,德国
DEU,Germany,2016,2.94039,GB.XPD.RSDV.GD.ZS,R&D支出占GDP比例(%),investment,World Bank,德国
DEU,Germany,2015,2.93379,GB.XPD.RSDV.GD.ZS,R&D支出占GDP比例(%),investment,World Bank,德国
FRA,France,2024,,GB.XPD.RSDV.GD.ZS,R&D支出占GDP比例(%),investment,World Bank,法国
FRA,France,2023,,GB.XPD.RSDV.GD.ZS,R&D支出占GDP比例(%),investment,World Bank,法国
FRA,France,2022,2.23312,GB.XPD.RSDV.GD.ZS,R&D支出占GDP比例(%),investment,World Bank,法国
FRA,France,2021,2.21808,GB.XPD.RSDV.GD.ZS,R&D支出占GDP比例(%),investment,World Bank,法国
FRA,France,2020,2.27464,GB.XPD.RSDV.GD.ZS,R&D支出占GDP比例(%),investment,World Bank,法国
FRA,France,2019,2.19179,GB.XPD.RSDV.GD.ZS,R&D支出占GDP比例(%),investment,World Bank,法国
FRA,France,2018,2.19666,GB.XPD.RSDV.GD.ZS,R&D支出占GDP比例(%),investment,World Bank,法国
FRA,France,2017,2.19888,GB.XPD.RSDV.GD.ZS,R&D支出占GDP比例(%),investment,World Bank,法国
FRA,France,2016,2.22238,GB.XPD.RSDV.GD.ZS,R&D支出占GDP比例(%),investment,World Bank,法国
FRA,France,2015,2.22702,GB.XPD.RSDV.GD.ZS,R&D支出占GDP比例(%),investment,World Bank,法国
GBR,United Kingdom,2024,,GB.XPD.RSDV.GD.ZS,R&D支出占GDP比例(%),investment,World Bank,英国
GBR,United Kingdom,2023,,GB.XPD.RSDV.GD.ZS,R&D支出占GDP比例(%),investment,World Bank,英国
GBR,United Kingdom,2022,,GB.XPD.RSDV.GD.ZS,R&D支出占GDP比例(%),investment,World Bank,英国
GBR,United Kingdom,2021,2.89711,GB.XPD.RSDV.GD.ZS,R&D支出占GDP比例(%),investment,World Bank,英国
GBR,United Kingdom,2020,2.93883,GB.XPD.RSDV.GD.ZS,R&D支出占GDP比例(%),investment,World Bank,英国
GBR,United Kingdom,2019,2.6708,GB.XPD.RSDV.GD.ZS,R&D支出占GDP比例(%),investment,World Bank,英国
GBR,United Kingdom,2018,2.71124,GB.XPD.RSDV.GD.ZS,R&D支出占GDP比例(%),investment,World Bank,英国
GBR,United Kingdom,2017,2.32602,GB.XPD.RSDV.GD.ZS,R&D支出占GDP比例(%),investment,World Bank,英国
GBR,United Kingdom,2016,2.32052,GB.XPD.RSDV.GD.ZS,R&D支出占GDP比例(%),investment,World Bank,英国
GBR,United Kingdom,2015,2.27566,GB.XPD.RSDV.GD.ZS,R&D支出占GDP比例(%),investment,World Bank,英国
IND,India,2024,,GB.XPD.RSDV.GD.ZS,R&D支出占GDP比例(%),investment,World Bank,印度
IND,India,2023,,GB.XPD.RSDV.GD.ZS,R&D支出占GDP比例(%),investment,World Bank,印度
IND,India,2022,,GB.XPD.RSDV.GD.ZS,R&D支出占GDP比例(%),investment,World Bank,印度
IND,India,2021,,GB.XPD.RSDV.GD.ZS,R&D支出占GDP比例(%),investment,World Bank,印度
IND,India,2020,0.64558,GB.XPD.RSDV.GD.ZS,R&D支出占GDP比例(%),investment,World Bank,印度
IND,India,2019,0.65942,GB.XPD.RSDV.GD.ZS,R&D支出占GDP比例(%),investment,World Bank,印度
IND,India,2018,0.66001,GB.XPD.RSDV.GD.ZS,R&D支出占GDP比例(%),investment,World Bank,印度
IND,India,2017,0.66603,GB.XPD.RSDV.GD.ZS,R&D支出占GDP比例(%),investment,World Bank,印度
IND,India,2016,0.66984,GB.XPD.RSDV.GD.ZS,R&D支出占GDP比例(%),investment,World Bank,印度
IND,India,2015,0.6931,GB.XPD.RSDV.GD.ZS,R&D支出占GDP比例(%),investment,World Bank,印度
JPN,Japan,2024,,GB.XPD.RSDV.GD.ZS,R&D支出占GDP比例(%),investment,World Bank,日本
JPN,Japan,2023,,GB.XPD.RSDV.GD.ZS,R&D支出占GDP比例(%),investment,World Bank,日本
JPN,Japan,2022,3.40537,GB.XPD.RSDV.GD.ZS,R&D支出占GDP比例(%),investment,World Bank,日本
JPN,Japan,2021,3.27677,GB.XPD.RSDV.GD.ZS,R&D支出占GDP比例(%),investment,World Bank,日本
JPN,Japan,2020,3.26458,GB.XPD.RSDV.GD.ZS,R&D支出占GDP比例(%),investment,World Bank,日本
JPN,Japan,2019,3.21824,GB.XPD.RSDV.GD.ZS,R&D支出占GDP比例(%),investment,World Bank,日本
JPN,Japan,2018,3.2192,GB.XPD.RSDV.GD.ZS,R&D支出占GDP比例(%),investment,World Bank,日本
JPN,Japan,2017,3.16636,GB.XPD.RSDV.GD.ZS,R&D支出占GDP比例(%),investment,World Bank,日本
JPN,Japan,2016,3.10666,GB.XPD.RSDV.GD.ZS,R&D支出占GDP比例(%),investment,World Bank,日本
JPN,Japan,2015,3.24071,GB.XPD.RSDV.GD.ZS,R&D支出占GDP比例(%),investment,World Bank,日本
KOR,"Korea, Rep.",2024,,GB.XPD.RSDV.GD.ZS,R&D支出占GDP比例(%),investment,World Bank,韩国
KOR,"Korea, Rep.",2023,,GB.XPD.RSDV.GD.ZS,R&D支出占GDP比例(%),investment,World Bank,韩国
KOR,"Korea, Rep.",2022,5.21081,GB.XPD.RSDV.GD.ZS,R&D支出占GDP比例(%),investment,World Bank,韩国
KOR,"Korea, Rep.",2021,4.90988,GB.XPD.RSDV.GD.ZS,R&D支出占GDP比例(%),investment,World Bank,韩国
KOR,"Korea, Rep.",2020,4.79571,GB.XPD.RSDV.GD.ZS,R&D支出占GDP比例(%),investment,World Bank,韩国
KOR,"Korea, Rep.",2019,4.62703,GB.XPD.RSDV.GD.ZS,R&D支出占GDP比例(%),investment,World Bank,韩国
KOR,"Korea, Rep.",2018,4.51633,GB.XPD.RSDV.GD.ZS,R&D支出占GDP比例(%),investment,World Bank,韩国
KOR,"Korea, Rep.",2017,4.29206,GB.XPD.RSDV.GD.ZS,R&D支出占GDP比例(%),investment,World Bank,韩国
KOR,"Korea, Rep.",2016,3.98704,GB.XPD.RSDV.GD.ZS,R&D支出占GDP比例(%),investment,World Bank,韩国
KOR,"Korea, Rep.",2015,3.9782,GB.XPD.RSDV.GD.ZS,R&D支出占GDP比例(%),investment,World Bank,韩国
USA,United States,2024,,GB.XPD.RSDV.GD.ZS,R&D支出占GDP比例(%),investment,World Bank,美国
USA,United States,2023,,GB.XPD.RSDV.GD.ZS,R&D支出占GDP比例(%),investment,World Bank,美国
USA,United States,2022,3.58623,GB.XPD.RSDV.GD.ZS,R&D支出占GDP比例(%),investment,World Bank,美国
USA,United States,2021,3.48313,GB.XPD.RSDV.GD.ZS,R&D支出占GDP比例(%),investment,World Bank,美国
USA,United States,2020,3.42467,GB.XPD.RSDV.GD.ZS,R&D支出占GDP比例(%),investment,World Bank,美国
USA,United States,2019,3.14704,GB.XPD.RSDV.GD.ZS,R&D支出占GDP比例(%),investment,World Bank,美国
USA,United States,2018,2.99045,GB.XPD.RSDV.GD.ZS,R&D支出占GDP比例(%),investment,World Bank,美国
USA,United States,2017,2.88357,GB.XPD.RSDV.GD.ZS,R&D支出占GDP比例(%),investment,World Bank,美国
USA,United States,2016,2.83676,GB.XPD.RSDV.GD.ZS,R&D支出占GDP比例(%),investment,World Bank,美国
USA,United States,2015,2.77328,GB.XPD.RSDV.GD.ZS,R&D支出占GDP比例(%),investment,World Bank,美国
ARE,United Arab Emirates,2024,10986400.0,SP.POP.TOTL,总人口,demographic,World Bank,阿联酋
ARE,United Arab Emirates,2023,10483751.0,SP.POP.TOTL,总人口,demographic,World Bank,阿联酋
ARE,United Arab Emirates,2022,10074977.0,SP.POP.TOTL,总人口,demographic,World Bank,阿联酋
ARE,United Arab Emirates,2021,9575152.0,SP.POP.TOTL,总人口,demographic,World Bank,阿联酋
ARE,United Arab Emirates,2020,9401038.0,SP.POP.TOTL,总人口,demographic,World Bank,阿联酋
ARE,United Arab Emirates,2019,9445785.0,SP.POP.TOTL,总人口,demographic,World Bank,阿联酋
ARE,United Arab Emirates,2018,9346701.0,SP.POP.TOTL,总人口,demographic,World Bank,阿联酋
ARE,United Arab Emirates,2017,9223225.0,SP.POP.TOTL,总人口,demographic,World Bank,阿联酋
ARE,United Arab Emirates,2016,8935095.0,SP.POP.TOTL,总人口,demographic,World Bank,阿联酋
ARE,United Arab Emirates,2015,8505237.0,SP.POP.TOTL,总人口,demographic,World Bank,阿联酋
CAN,Canada,2024,41288599.0,SP.POP.TOTL,总人口,demographic,World Bank,加拿大
CAN,Canada,2023,40083484.0,SP.POP.TOTL,总人口,demographic,World Bank,加拿大
CAN,Canada,2022,38935934.0,SP.POP.TOTL,总人口,demographic,World Bank,加拿大
CAN,Canada,2021,38239864.0,SP.POP.TOTL,总人口,demographic,World Bank,加拿大
CAN,Canada,2020,38028638.0,SP.POP.TOTL,总人口,demographic,World Bank,加拿大
CAN,Canada,2019,37618495.0,SP.POP.TOTL,总人口,demographic,World Bank,加拿大
CAN,Canada,2018,37072620.0,SP.POP.TOTL,总人口,demographic,World Bank,加拿大
CAN,Canada,2017,36545075.0,SP.POP.TOTL,总人口,demographic,World Bank,加拿大
CAN,Canada,2016,36110803.0,SP.POP.TOTL,总人口,demographic,World Bank,加拿大
CAN,Canada,2015,35704498.0,SP.POP.TOTL,总人口,demographic,World Bank,加拿大
CHN,China,2024,1408975000.0,SP.POP.TOTL,总人口,demographic,World Bank,中国
CHN,China,2023,1410710000.0,SP.POP.TOTL,总人口,demographic,World Bank,中国
CHN,China,2022,1412175000.0,SP.POP.TOTL,总人口,demographic,World Bank,中国
CHN,China,2021,1412360000.0,SP.POP.TOTL,总人口,demographic,World Bank,中国
CHN,China,2020,1411100000.0,SP.POP.TOTL,总人口,demographic,World Bank,中国
CHN,China,2019,1407745000.0,SP.POP.TOTL,总人口,demographic,World Bank,中国
CHN,China,2018,1402760000.0,SP.POP.TOTL,总人口,demographic,World Bank,中国
CHN,China,2017,1396215000.0,SP.POP.TOTL,总人口,demographic,World Bank,中国
CHN,China,2016,1387790000.0,SP.POP.TOTL,总人口,demographic,World Bank,中国
CHN,China,2015,1379860000.0,SP.POP.TOTL,总人口,demographic,World Bank,中国
DEU,Germany,2024,83516593.0,SP.POP.TOTL,总人口,demographic,World Bank,德国
DEU,Germany,2023,83287273.0,SP.POP.TOTL,总人口,demographic,World Bank,德国
DEU,Germany,2022,83177813.0,SP.POP.TOTL,总人口,demographic,World Bank,德国
DEU,Germany,2021,83196078.0,SP.POP.TOTL,总人口,demographic,World Bank,德国
DEU,Germany,2020,83160871.0,SP.POP.TOTL,总人口,demographic,World Bank,德国
DEU,Germany,2019,83092962.0,SP.POP.TOTL,总人口,demographic,World Bank,德国
DEU,Germany,2018,82905782.0,SP.POP.TOTL,总人口,demographic,World Bank,德国
DEU,Germany,2017,82657002.0,SP.POP.TOTL,总人口,demographic,World Bank,德国
DEU,Germany,2016,82348669.0,SP.POP.TOTL,总人口,demographic,World Bank,德国
DEU,Germany,2015,81686611.0,SP.POP.TOTL,总人口,demographic,World Bank,德国
FRA,France,2024,68551653.0,SP.POP.TOTL,总人口,demographic,World Bank,法国
FRA,France,2023,68372286.0,SP.POP.TOTL,总人口,demographic,World Bank,法国
FRA,France,2022,68184457.0,SP.POP.TOTL,总人口,demographic,World Bank,法国
FRA,France,2021,67842811.0,SP.POP.TOTL,总人口,demographic,World Bank,法国
FRA,France,2020,67601110.0,SP.POP.TOTL,总人口,demographic,World Bank,法国
FRA,France,2019,67382061.0,SP.POP.TOTL,总人口,demographic,World Bank,法国
FRA,France,2018,67158348.0,SP.POP.TOTL,总人口,demographic,World Bank,法国
FRA,France,2017,66918020.0,SP.POP.TOTL,总人口,demographic,World Bank,法国
FRA,France,2016,66724104.0,SP.POP.TOTL,总人口,demographic,World Bank,法国
FRA,France,2015,66548272.0,SP.POP.TOTL,总人口,demographic,World Bank,法国
GBR,United Kingdom,2024,69226000.0,SP.POP.TOTL,总人口,demographic,World Bank,英国
GBR,United Kingdom,2023,68492000.0,SP.POP.TOTL,总人口,demographic,World Bank,英国
GBR,United Kingdom,2022,67604000.0,SP.POP.TOTL,总人口,demographic,World Bank,英国
GBR,United Kingdom,2021,66984000.0,SP.POP.TOTL,总人口,demographic,World Bank,英国
GBR,United Kingdom,2020,66744000.0,SP.POP.TOTL,总人口,demographic,World Bank,英国
GBR,United Kingdom,2019,66631000.0,SP.POP.TOTL,总人口,demographic,World Bank,英国
GBR,United Kingdom,2018,66289000.0,SP.POP.TOTL,总人口,demographic,World Bank,英国
GBR,United Kingdom,2017,65966000.0,SP.POP.TOTL,总人口,demographic,World Bank,英国
GBR,United Kingdom,2016,65607000.0,SP.POP.TOTL,总人口,demographic,World Bank,英国
GBR,United Kingdom,2015,65088000.0,SP.POP.TOTL,总人口,demographic,World Bank,英国
IND,India,2024,1450935791.0,SP.POP.TOTL,总人口,demographic,World Bank,印度
IND,India,2023,1438069596.0,SP.POP.TOTL,总人口,demographic,World Bank,印度
IND,India,2022,1425423212.0,SP.POP.TOTL,总人口,demographic,World Bank,印度
IND,India,2021,1414203896.0,SP.POP.TOTL,总人口,demographic,World Bank,印度
IND,India,2020,1402617695.0,SP.POP.TOTL,总人口,demographic,World Bank,印度
IND,India,2019,1389030312.0,SP.POP.TOTL,总人口,demographic,World Bank,印度
IND,India,2018,1374659064.0,SP.POP.TOTL,总人口,demographic,World Bank,印度
IND,India,2017,1359657400.0,SP.POP.TOTL,总人口,demographic,World Bank,印度
IND,India,2016,1343944296.0,SP.POP.TOTL,总人口,demographic,World Bank,印度
IND,India,2015,1328024498.0,SP.POP.TOTL,总人口,demographic,World Bank,印度
JPN,Japan,2024,123975371.0,SP.POP.TOTL,总人口,demographic,World Bank,日本
JPN,Japan,2023,124516650.0,SP.POP.TOTL,总人口,demographic,World Bank,日本
JPN,Japan,2022,125124989.0,SP.POP.TOTL,总人口,demographic,World Bank,日本
JPN,Japan,2021,125681593.0,SP.POP.TOTL,总人口,demographic,World Bank,日本
JPN,Japan,2020,126261000.0,SP.POP.TOTL,总人口,demographic,World Bank,日本
JPN,Japan,2019,126633000.0,SP.POP.TOTL,总人口,demographic,World Bank,日本
JPN,Japan,2018,126811000.0,SP.POP.TOTL,总人口,demographic,World Bank,日本
JPN,Japan,2017,126972000.0,SP.POP.TOTL,总人口,demographic,World Bank,日本
JPN,Japan,2016,127076000.0,SP.POP.TOTL,总人口,demographic,World Bank,日本
JPN,Japan,2015,127141000.0,SP.POP.TOTL,总人口,demographic,World Bank,日本
KOR,"Korea, Rep.",2024,51751065.0,SP.POP.TOTL,总人口,demographic,World Bank,韩国
KOR,"Korea, Rep.",2023,51712619.0,SP.POP.TOTL,总人口,demographic,World Bank,韩国
KOR,"Korea, Rep.",2022,51672569.0,SP.POP.TOTL,总人口,demographic,World Bank,韩国
KOR,"Korea, Rep.",2021,51769539.0,SP.POP.TOTL,总人口,demographic,World Bank,韩国
KOR,"Korea, Rep.",2020,51836239.0,SP.POP.TOTL,总人口,demographic,World Bank,韩国
KOR,"Korea, Rep.",2019,51764822.0,SP.POP.TOTL,总人口,demographic,World Bank,韩国
KOR,"Korea, Rep.",2018,51585058.0,SP.POP.TOTL,总人口,demographic,World Bank,韩国
KOR,"Korea, Rep.",2017,51361911.0,SP.POP.TOTL,总人口,demographic,World Bank,韩国
KOR,"Korea, Rep.",2016,51217803.0,SP.POP.TOTL,总人口,demographic,World Bank,韩国
KOR,"Korea, Rep.",2015,51014947.0,SP.POP.TOTL,总人口,demographic,World Bank,韩国
USA,United States,2024,340110988.0,SP.POP.TOTL,总人口,demographic,World Bank,美国
USA,United States,2023,336806231.0,SP.POP.TOTL,总人口,demographic,World Bank,美国
USA,United States,2022,334017321.0,SP.POP.TOTL,总人口,demographic,World Bank,美国
USA,United States,2021,332099760.0,SP.POP.TOTL,总人口,demographic,World Bank,美国
USA,United States,2020,331577720.0,SP.POP.TOTL,总人口,demographic,World Bank,美国
USA,United States,2019,330226227.0,SP.POP.TOTL,总人口,demographic,World Bank,美国
USA,United States,2018,328529577.0,SP.POP.TOTL,总人口,demographic,World Bank,美国
USA,United States,2017,326608609.0,SP.POP.TOTL,总人口,demographic,World Bank,美国
USA,United States,2016,324353340.0,SP.POP.TOTL,总人口,demographic,World Bank,美国
USA,United States,2015,321815121.0,SP.POP.TOTL,总人口,demographic,World Bank,美国
ARE,United Arab Emirates,2024,82.1220600575181,SP.POP.1564.TO.ZS,15-64岁人口占比(%),demographic,World Bank,阿联酋
ARE,United Arab Emirates,2023,81.9654257470884,SP.POP.1564.TO.ZS,15-64岁人口占比(%),demographic,World Bank,阿联酋
ARE,United Arab Emirates,2022,81.8846579747203,SP.POP.1564.TO.ZS,15-64岁人口占比(%),demographic,World Bank,阿联酋
ARE,United Arab Emirates,2021,81.87240475274,SP.POP.1564.TO.ZS,15-64岁人口占比(%),demographic,World Bank,阿联酋
ARE,United Arab Emirates,2020,81.8563407363944,SP.POP.1564.TO.ZS,15-64岁人口占比(%),demographic,World Bank,阿联酋
ARE,United Arab Emirates,2019,81.8226037478217,SP.POP.1564.TO.ZS,15-64岁人口占比(%),demographic,World Bank,阿联酋
ARE,United Arab Emirates,2018,81.7897488678028,SP.POP.1564.TO.ZS,15-64岁人口占比(%),demographic,World Bank,阿联酋
ARE,United Arab Emirates,2017,81.7573549214794,SP.POP.1564.TO.ZS,15-64岁人口占比(%),demographic,World Bank,阿联酋
ARE,United Arab Emirates,2016,81.7037621944191,SP.POP.1564.TO.ZS,15-64岁人口占比(%),demographic,World Bank,阿联酋
ARE,United Arab Emirates,2015,81.6642098864586,SP.POP.1564.TO.ZS,15-64岁人口占比(%),demographic,World Bank,阿联酋
CAN,Canada,2024,65.0890886641808,SP.POP.1564.TO.ZS,15-64岁人口占比(%),demographic,World Bank,加拿大
CAN,Canada,2023,65.3373373940366,SP.POP.1564.TO.ZS,15-64岁人口占比(%),demographic,World Bank,加拿大
CAN,Canada,2022,65.5113452142292,SP.POP.1564.TO.ZS,15-64岁人口占比(%),demographic,World Bank,加拿大
CAN,Canada,2021,65.7746528539238,SP.POP.1564.TO.ZS,15-64岁人口占比(%),demographic,World Bank,加拿大
CAN,Canada,2020,66.1382867429556,SP.POP.1564.TO.ZS,15-64岁人口占比(%),demographic,World Bank,加拿大
CAN,Canada,2019,66.4846890068848,SP.POP.1564.TO.ZS,15-64岁人口占比(%),demographic,World Bank,加拿大
CAN,Canada,2018,66.7853309042324,SP.POP.1564.TO.ZS,15-64岁人口占比(%),demographic,World Bank,加拿大
CAN,Canada,2017,67.0699290855306,SP.POP.1564.TO.ZS,15-64岁人口占比(%),demographic,World Bank,加拿大
CAN,Canada,2016,67.3902081027321,SP.POP.1564.TO.ZS,15-64岁人口占比(%),demographic,World Bank,加拿大
CAN,Canada,2015,67.7571212622664,SP.POP.1564.TO.ZS,15-64岁人口占比(%),demographic,World Bank,加拿大
CHN,China,2024,69.3269188307508,SP.POP.1564.TO.ZS,15-64岁人口占比(%),demographic,World Bank,中国
CHN,China,2023,69.0943118083391,SP.POP.1564.TO.ZS,15-64岁人口占比(%),demographic,World Bank,中国
CHN,China,2022,69.0962698960779,SP.POP.1564.TO.ZS,15-64岁人口占比(%),demographic,World Bank,中国
CHN,China,2021,69.2124049434275,SP.POP.1564.TO.ZS,15-64岁人口占比(%),demographic,World Bank,中国
CHN,China,2020,69.3999249325134,SP.POP.1564.TO.ZS,15-64岁人口占比(%),demographic,World Bank,中国
CHN,China,2019,69.74115264804,SP.POP.1564.TO.ZS,15-64岁人口占比(%),demographic,World Bank,中国
CHN,China,2018,70.1553162360731,SP.POP.1564.TO.ZS,15-64岁人口占比(%),demographic,World Bank,中国
CHN,China,2017,70.6659121055216,SP.POP.1564.TO.ZS,15-64岁人口占比(%),demographic,World Bank,中国
CHN,China,2016,71.2044525051679,SP.POP.1564.TO.ZS,15-64岁人口占比(%),demographic,World Bank,中国
CHN,China,2015,71.6284345359877,SP.POP.1564.TO.ZS,15-64岁人口占比(%),demographic,World Bank,中国
DEU,Germany,2024,62.8942524078782,SP.POP.1564.TO.ZS,15-64岁人口占比(%),demographic,World Bank,德国
DEU,Germany,2023,63.2943857808214,SP.POP.1564.TO.ZS,15-64岁人口占比(%),demographic,World Bank,德国
DEU,Germany,2022,63.6285624993021,SP.POP.1564.TO.ZS,15-64岁人口占比(%),demographic,World Bank,德国
DEU,Germany,2021,64.007731691245,SP.POP.1564.TO.ZS,15-64岁人口占比(%),demographic,World Bank,德国
DEU,Germany,2020,64.3935455490144,SP.POP.1564.TO.ZS,15-64岁人口占比(%),demographic,World Bank,德国
DEU,Germany,2019,64.709009583285,SP.POP.1564.TO.ZS,15-64岁人口占比(%),demographic,World Bank,德国
DEU,Germany,2018,64.9876223341919,SP.POP.1564.TO.ZS,15-64岁人口占比(%),demographic,World Bank,德国
DEU,Germany,2017,65.2493405041228,SP.POP.1564.TO.ZS,15-64岁人口占比(%),demographic,World Bank,德国
DEU,Germany,2016,65.5385099359924,SP.POP.1564.TO.ZS,15-64岁人口占比(%),demographic,World Bank,德国
DEU,Germany,2015,65.7365353514053,SP.POP.1564.TO.ZS,15-64岁人口占比(%),demographic,World Bank,德国
FRA,France,2024,61.3483170751607,SP.POP.1564.TO.ZS,15-64岁人口占比(%),demographic,World Bank,法国
FRA,France,2023,61.4660792751563,SP.POP.1564.TO.ZS,15-64岁人口占比(%),demographic,World Bank,法国
FRA,France,2022,61.5912351189772,SP.POP.1564.TO.ZS,15-64岁人口占比(%),demographic,World Bank,法国
FRA,France,2021,61.7040398746753,SP.POP.1564.TO.ZS,15-64岁人口占比(%),demographic,World Bank,法国
FRA,France,2020,61.8134010588151,SP.POP.1564.TO.ZS,15-64岁人口占比(%),demographic,World Bank,法国
FRA,France,2019,61.9811666181521,SP.POP.1564.TO.ZS,15-64岁人口占比(%),demographic,World Bank,法国
FRA,France,2018,62.1793955597294,SP.POP.1564.TO.ZS,15-64岁人口占比(%),demographic,World Bank,法国
FRA,France,2017,62.3980765439097,SP.POP.1564.TO.ZS,15-64岁人口占比(%),demographic,World Bank,法国
FRA,France,2016,62.632173096763,SP.POP.1564.TO.ZS,15-64岁人口占比(%),demographic,World Bank,法国
FRA,France,2015,62.9034115542196,SP.POP.1564.TO.ZS,15-64岁人口占比(%),demographic,World Bank,法国
GBR,United Kingdom,2024,63.3151859345352,SP.POP.1564.TO.ZS,15-64岁人口占比(%),demographic,World Bank,英国
GBR,United Kingdom,2023,63.3527288517877,SP.POP.1564.TO.ZS,15-64岁人口占比(%),demographic,World Bank,英国
GBR,United Kingdom,2022,63.4404279110136,SP.POP.1564.TO.ZS,15-64岁人口占比(%),demographic,World Bank,英国
GBR,United Kingdom,2021,63.4465589396069,SP.POP.1564.TO.ZS,15-64岁人口占比(%),demographic,World Bank,英国
GBR,United Kingdom,2020,63.4278786786019,SP.POP.1564.TO.ZS,15-64岁人口占比(%),demographic,World Bank,英国
GBR,United Kingdom,2019,63.5198822523142,SP.POP.1564.TO.ZS,15-64岁人口占比(%),demographic,World Bank,英国
GBR,United Kingdom,2018,63.6924638374832,SP.POP.1564.TO.ZS,15-64岁人口占比(%),demographic,World Bank,英国
GBR,United Kingdom,2017,63.9059468954247,SP.POP.1564.TO.ZS,15-64岁人口占比(%),demographic,World Bank,英国
GBR,United Kingdom,2016,64.1335648731091,SP.POP.1564.TO.ZS,15-64岁人口占比(%),demographic,World Bank,英国
GBR,United Kingdom,2015,64.349417600625,SP.POP.1564.TO.ZS,15-64岁人口占比(%),demographic,World Bank,英国
IND,India,2024,68.2295801537644,SP.POP.1564.TO.ZS,15-64岁人口占比(%),demographic,World Bank,印度
IND,India,2023,68.0210944742065,SP.POP.1564.TO.ZS,15-64岁人口占比(%),demographic,World Bank,印度
IND,India,2022,67.8132963616236,SP.POP.1564.TO.ZS,15-64岁人口占比(%),demographic,World Bank,印度
IND,India,2021,67.5490478920304,SP.POP.1564.TO.ZS,15-64岁人口占比(%),demographic,World Bank,印度
IND,India,2020,67.2377729174314,SP.POP.1564.TO.ZS,15-64岁人口占比(%),demographic,World Bank,印度
IND,India,2019,66.944203338595,SP.POP.1564.TO.ZS,15-64岁人口占比(%),demographic,World Bank,印度
IND,India,2018,66.6529850197096,SP.POP.1564.TO.ZS,15-64岁人口占比(%),demographic,World Bank,印度
IND,India,2017,66.3274225183491,SP.POP.1564.TO.ZS,15-64岁人口占比(%),demographic,World Bank,印度
IND,India,2016,65.9731160836743,SP.POP.1564.TO.ZS,15-64岁人口占比(%),demographic,World Bank,印度
IND,India,2015,65.6177857140772,SP.POP.1564.TO.ZS,15-64岁人口占比(%),demographic,World Bank,印度
JPN,Japan,2024,58.7831280041029,SP.POP.1564.TO.ZS,15-64岁人口占比(%),demographic,World Bank,日本
JPN,Japan,2023,58.7888993029413,SP.POP.1564.TO.ZS,15-64岁人口占比(%),demographic,World Bank,日本
JPN,Japan,2022,58.7384165155584,SP.POP.1564.TO.ZS,15-64岁人口占比(%),demographic,World Bank,日本
JPN,Japan,2021,58.7347384818338,SP.POP.1564.TO.ZS,15-64岁人口占比(%),demographic,World Bank,日本
JPN,Japan,2020,58.861072796091,SP.POP.1564.TO.ZS,15-64岁人口占比(%),demographic,World Bank,日本
JPN,Japan,2019,59.0046702146202,SP.POP.1564.TO.ZS,15-64岁人口占比(%),demographic,World Bank,日本
JPN,Japan,2018,59.1635617451289,SP.POP.1564.TO.ZS,15-64岁人口占比(%),demographic,World Bank,日本
JPN,Japan,2017,59.4143459524436,SP.POP.1564.TO.ZS,15-64岁人口占比(%),demographic,World Bank,日本
JPN,Japan,2016,59.7647226208824,SP.POP.1564.TO.ZS,15-64岁人口占比(%),demographic,World Bank,日本
JPN,Japan,2015,60.2326202870854,SP.POP.1564.TO.ZS,15-64岁人口占比(%),demographic,World Bank,日本
KOR,"Korea, Rep.",2024,70.1583600473263,SP.POP.1564.TO.ZS,15-64岁人口占比(%),demographic,World Bank,韩国
KOR,"Korea, Rep.",2023,70.6941593301433,SP.POP.1564.TO.ZS,15-64岁人口占比(%),demographic,World Bank,韩国
KOR,"Korea, Rep.",2022,71.1010946234232,SP.POP.1564.TO.ZS,15-64岁人口占比(%),demographic,World Bank,韩国
KOR,"Korea, Rep.",2021,71.5403701724822,SP.POP.1564.TO.ZS,15-64岁人口占比(%),demographic,World Bank,韩国
KOR,"Korea, Rep.",2020,72.0631744683847,SP.POP.1564.TO.ZS,15-64岁人口占比(%),demographic,World Bank,韩国
KOR,"Korea, Rep.",2019,72.5261052970989,SP.POP.1564.TO.ZS,15-64岁人口占比(%),demographic,World Bank,韩国
KOR,"Korea, Rep.",2018,72.8334079576546,SP.POP.1564.TO.ZS,15-64岁人口占比(%),demographic,World Bank,韩国
KOR,"Korea, Rep.",2017,73.1104702951829,SP.POP.1564.TO.ZS,15-64岁人口占比(%),demographic,World Bank,韩国
KOR,"Korea, Rep.",2016,73.2815119171004,SP.POP.1564.TO.ZS,15-64岁人口占比(%),demographic,World Bank,韩国
KOR,"Korea, Rep.",2015,73.2814791976092,SP.POP.1564.TO.ZS,15-64岁人口占比(%),demographic,World Bank,韩国
USA,United States,2024,64.7466928651531,SP.POP.1564.TO.ZS,15-64岁人口占比(%),demographic,World Bank,美国
USA,United States,2023,64.9735428685564,SP.POP.1564.TO.ZS,15-64岁人口占比(%),demographic,World Bank,美国
USA,United States,2022,65.1985544146872,SP.POP.1564.TO.ZS,15-64岁人口占比(%),demographic,World Bank,美国
USA,United States,2021,65.380112850592,SP.POP.1564.TO.ZS,15-64岁人口占比(%),demographic,World Bank,美国
USA,United States,2020,65.5352308319268,SP.POP.1564.TO.ZS,15-64岁人口占比(%),demographic,World Bank,美国
USA,United States,2019,65.718674264212,SP.POP.1564.TO.ZS,15-64岁人口占比(%),demographic,World Bank,美国
USA,United States,2018,65.9220436398193,SP.POP.1564.TO.ZS,15-64岁人口占比(%),demographic,World Bank,美国
USA,United States,2017,66.1219291236341,SP.POP.1564.TO.ZS,15-64岁人口占比(%),demographic,World Bank,美国
USA,United States,2016,66.3180403833652,SP.POP.1564.TO.ZS,15-64岁人口占比(%),demographic,World Bank,美国
USA,United States,2015,66.4980809064681,SP.POP.1564.TO.ZS,15-64岁人口占比(%),demographic,World Bank,美国
USA,United States,2021,4412.0,,每百万人研究人员(FTE),supplementary,Supplementary (UNESCO/OECD),美国
CHN,China,2021,1585.0,,每百万人研究人员(FTE),supplementary,Supplementary (UNESCO/OECD),中国
GBR,United Kingdom,2021,4603.0,,每百万人研究人员(FTE),supplementary,Supplementary (UNESCO/OECD),英国
DEU,Germany,2021,5234.0,,每百万人研究人员(FTE),supplementary,Supplementary (UNESCO/OECD),德国
KOR,South Korea,2021,8714.0,,每百万人研究人员(FTE),supplementary,Supplementary (UNESCO/OECD),韩国
JPN,Japan,2021,5331.0,,每百万人研究人员(FTE),supplementary,Supplementary (UNESCO/OECD),日本
FRA,France,2021,4715.0,,每百万人研究人员(FTE),supplementary,Supplementary (UNESCO/OECD),法国
CAN,Canada,2021,4876.0,,每百万人研究人员(FTE),supplementary,Supplementary (UNESCO/OECD),加拿大
ARE,United Arab Emirates,2020,1350.0,,每百万人研究人员(FTE),supplementary,Supplementary (UNESCO/OECD),阿联酋
IND,India,2020,253.0,,每百万人研究人员(FTE),supplementary,Supplementary (UNESCO/OECD),印度
USA,United States,2021,3.46,,R&D支出占GDP比例(%),supplementary,Supplementary (UNESCO/OECD),美国
CHN,China,2021,2.43,,R&D支出占GDP比例(%),supplementary,Supplementary (UNESCO/OECD),中国
GBR,United Kingdom,2021,2.93,,R&D支出占GDP比例(%),supplementary,Supplementary (UNESCO/OECD),英国
DEU,Germany,2021,3.13,,R&D支出占GDP比例(%),supplementary,Supplementary (UNESCO/OECD),德国
KOR,South Korea,2021,4.93,,R&D支出占GDP比例(%),supplementary,Supplementary (UNESCO/OECD),韩国
JPN,Japan,2021,3.3,,R&D支出占GDP比例(%),supplementary,Supplementary (UNESCO/OECD),日本
FRA,France,2021,2.21,,R&D支出占GDP比例(%),supplementary,Supplementary (UNESCO/OECD),法国
CAN,Canada,2021,1.69,,R&D支出占GDP比例(%),supplementary,Supplementary (UNESCO/OECD),加拿大
ARE,United Arab Emirates,2019,1.3,,R&D支出占GDP比例(%),supplementary,Supplementary (UNESCO/OECD),阿联酋
IND,India,2020,0.65,,R&D支出占GDP比例(%),supplementary,Supplementary (UNESCO/OECD),印度
USA,United States,2021,21.0,,STEM毕业生占比(%),supplementary,Supplementary (UNESCO/OECD),美国
CHN,China,2020,35.0,,STEM毕业生占比(%),supplementary,Supplementary (UNESCO/OECD),中国
GBR,United Kingdom,2021,27.0,,STEM毕业生占比(%),supplementary,Supplementary (UNESCO/OECD),英国
DEU,Germany,2021,35.0,,STEM毕业生占比(%),supplementary,Supplementary (UNESCO/OECD),德国
KOR,South Korea,2021,32.0,,STEM毕业生占比(%),supplementary,Supplementary (UNESCO/OECD),韩国
JPN,Japan,2021,22.0,,STEM毕业生占比(%),supplementary,Supplementary (UNESCO/OECD),日本
FRA,France,2021,27.0,,STEM毕业生占比(%),supplementary,Supplementary (UNESCO/OECD),法国
CAN,Canada,2021,24.0,,STEM毕业生占比(%),supplementary,Supplementary (UNESCO/OECD),加拿大
IND,India,2020,32.0,,STEM毕业生占比(%),supplementary,Supplementary (UNESCO/OECD),印度
USA,United States,2022,50.0,,25-34岁高等教育完成率(%),supplementary,Supplementary (UNESCO/OECD),美国
GBR,United Kingdom,2022,57.0,,25-34岁高等教育完成率(%),supplementary,Supplementary (UNESCO/OECD),英国
DEU,Germany,2022,37.0,,25-34岁高等教育完成率(%),supplementary,Supplementary (UNESCO/OECD),德国
KOR,South Korea,2022,69.0,,25-34岁高等教育完成率(%),supplementary,Supplementary (UNESCO/OECD),韩国
JPN,Japan,2022,66.0,,25-34岁高等教育完成率(%),supplementary,Supplementary (UNESCO/OECD),日本
FRA,France,2022,51.0,,25-34岁高等教育完成率(%),supplementary,Supplementary (UNESCO/OECD),法国
CAN,Canada,2022,66.0,,25-34岁高等教育完成率(%),supplementary,Supplementary (UNESCO/OECD),加拿大
